id,text
0001,Jakarta | +62 845-5012-4657 | pandu.wijaya18@gmail.com | linkedin.com/in/pandu-wijaya | github.com/panduwij
0002,RINGKASAN PROFIL
0003,Data engineer yang berpengalaman dalam membangun dan mengelola pipeline data skala besar
0004,bekerja dengan berbagai teknologi big data untuk memproses data streaming dan batch
0005,Memiliki kemampuan
0006,dalam merancang arsitektur data warehouse yang efisien
0007,Docker (cid:127) dbt (cid:127) Apache Spark (cid:127) ETL (cid:127) BigQuery (cid:127) Python (cid:127) GCP (cid:127) Kubernetes (cid:127) Redshift (cid:127) Data Pipeline
0008,PENGALAMAN KERJA
0009,Data Engineer — Xendit
0010,(cid:127) Mengimplementasikan solusi keamanan yang berhasil mencegah 3 potensi breach keamanan
0011,(cid:127) Mengembangkan dashboard analytics yang digunakan oleh lebih dari 200 pengguna internal
0012,(cid:127) Mengurangi response time API sebesar 40% melalui optimasi query dan caching
0013,Data Engineer — PT Kredivo
0014,(cid:127) Merancang sistem monitoring real-time yang memantau lebih dari 50 microservices
0015,(cid:127) Mengimplementasikan solusi keamanan yang berhasil mencegah 3 potensi breach keamanan
0016,(cid:127) Mengembangkan model rekomendasi yang meningkatkan CTR sebesar 25%
0017,Associate Data Engineer — PT Moladin
0018,(cid:127) Memimpin migrasi sistem monolitik ke arsitektur microservices untuk 3 layanan utama
0019,(cid:127) Mengintegrasikan sistem pembayaran dengan 4 payment gateway berbeda
0020,(cid:127) Meningkatkan code coverage dari 30% menjadi 85% dengan automation testing
0021,S1 Teknik Informatika — Universitas Telkom
0022,2020 – 2023 | IPK: 3.71
0023,(cid:127) HashiCorp Terraform Associate
0024,Fotografi dan videografi (cid:127) Bermain musik (gitar dan piano) (cid:127) Membaca buku teknologi dan pengembangan diri
0025,Tangerang | +62 825-7201-2291 | vicky.gunawan71@outlook.com | linkedin.com/in/vicky-gunawan | github.com/vickygun
0026,RINGKASAN PROFIL
0027,Data engineer yang berpengalaman dalam membangun dan mengelola pipeline data skala besar
0028,bekerja dengan berbagai teknologi big data untuk memproses data streaming dan batch
0029,Memiliki kemampuan
0030,dalam merancang arsitektur data warehouse yang efisien
0031,ETL (cid:127) Hadoop (cid:127) PostgreSQL (cid:127) GCP (cid:127) Airflow (cid:127) Apache Spark (cid:127) Python (cid:127) Data Pipeline (cid:127) BigQuery (cid:127) Apache Kafka
0032,PENGALAMAN KERJA
0033,Data Engineer — PT XL Axiata
0034,(cid:127) Membangun pipeline CI/CD yang mengurangi deployment time dari 2 jam menjadi 15 menit
0035,(cid:127) Mempercepat training model ML sebesar 60% dengan optimasi GPU pipeline
0036,(cid:127) Mengimplementasikan solusi keamanan yang berhasil mencegah 3 potensi breach keamanan
0037,Junior Data Engineer — Akulaku
0038,(cid:127) Membangun fitur checkout yang meningkatkan konversi sebesar 18%
0039,(cid:127) Mempercepat training model ML sebesar 60% dengan optimasi GPU pipeline
0040,(cid:127) Mengembangkan model rekomendasi yang meningkatkan CTR sebesar 25%
0041,Data Engineer Intern — Amartha
0042,(cid:127) Mengembangkan model rekomendasi yang meningkatkan CTR sebesar 25%
0043,(cid:127) Berkontribusi pada open-source project dengan lebih dari 200 GitHub stars
0044,(cid:127) Meningkatkan code coverage dari 30% menjadi 85% dengan automation testing
0045,S1 Teknik Komputer — Institut Teknologi Bandung
0046,2013 – 2017 | IPK: 3.34
0047,(cid:127) Scrum Master Certified (SMC)
0048,(cid:127) Meta Frontend Developer Certificate
0049,Fotografi dan videografi (cid:127) Membaca buku teknologi dan pengembangan diri (cid:127) Menulis artikel teknis di Medium
0050,Medan | +62 861-5386-2084 | citra.mahendra28@outlook.com | linkedin.com/in/citra-mahendra | github.com/citramah
0051,RINGKASAN PROFIL
0052,Data scientist dengan keahlian dalam mengolah data berskala besar dan membangun model prediktif
0053,Berpengalaman dalam seluruh siklus data science mulai dari eksplorasi data hingga deployment model
0054,mengkomunikasikan insight data kepada stakeholder non-teknis
0055,Tableau (cid:127) NumPy (cid:127) Pandas (cid:127) Computer Vision (cid:127) NLP (cid:127) Machine Learning (cid:127) TensorFlow (cid:127) SQL (cid:127) R (cid:127) PyTorch
0056,PENGALAMAN KERJA
0057,Data Scientist — PT Bukalapak
0058,(cid:127) Mengembangkan dashboard analytics yang digunakan oleh lebih dari 200 pengguna internal
0059,(cid:127) Mengurangi response time API sebesar 40% melalui optimasi query dan caching
0060,(cid:127) Memimpin migrasi sistem monolitik ke arsitektur microservices untuk 3 layanan utama
0061,Data Scientist Intern — SeaBank
0062,(cid:127) Mengembangkan dashboard analytics yang digunakan oleh lebih dari 200 pengguna internal
0063,(cid:127) Mempercepat training model ML sebesar 60% dengan optimasi GPU pipeline
0064,(cid:127) Meningkatkan code coverage dari 30% menjadi 85% dengan automation testing
0065,S1 Rekayasa Perangkat Lunak — Universitas Telkom
0066,2018 – 2022 | IPK: 3.41
0067,(cid:127) Microsoft Certified Azure Developer
0068,(cid:127) CompTIA Security+
0069,(cid:127) Dicoding - Belajar Machine Learning untuk Pemula
0070,Mengajar coding kepada anak-anak sekolah (cid:127) Mengikuti meetup dan komunitas teknologi lokal (cid:127) Bermain musik (gitar
0071,Jakarta | +62 897-2876-9797 | kukuh.budiman97@outlook.com | linkedin.com/in/kukuh-budiman | github.com/kukuhbud
0072,RINGKASAN PROFIL
0073,Data engineer yang berpengalaman dalam membangun dan mengelola pipeline data skala besar
0074,bekerja dengan berbagai teknologi big data untuk memproses data streaming dan batch
0075,Memiliki kemampuan
0076,dalam merancang arsitektur data warehouse yang efisien
0077,PostgreSQL (cid:127) Apache Spark (cid:127) SQL (cid:127) BigQuery (cid:127) Apache Kafka (cid:127) Redshift (cid:127) Python (cid:127) Kubernetes (cid:127) ETL (cid:127) Hadoop
0078,PENGALAMAN KERJA
0079,Data Engineer — PT Gojek Indonesia
0080,(cid:127) Membangun fitur checkout yang meningkatkan konversi sebesar 18%
0081,(cid:127) Merancang sistem monitoring real-time yang memantau lebih dari 50 microservices
0082,(cid:127) Berkontribusi pada open-source project dengan lebih dari 200 GitHub stars
0083,Associate Data Engineer — Traveloka
0084,(cid:127) Mengintegrasikan sistem pembayaran dengan 4 payment gateway berbeda
0085,(cid:127) Memimpin tim 5 developer dalam menyelesaikan proyek senilai Rp 2 miliar
0086,(cid:127) Mengembangkan dashboard analytics yang digunakan oleh lebih dari 200 pengguna internal
0087,S1 Sistem Informasi — Universitas Telkom
0088,2016 – 2019 | IPK: 3.23
0089,(cid:127) Scrum Master Certified (SMC)
0090,(cid:127) AWS Certified Solutions Architect
0091,Menulis artikel teknis di Medium (cid:127) Berkontribusi pada proyek open-source (cid:127) Game development sebagai side project
0092,Mobile Developer (Android/iOS)
0093,Bandung | +62 878-3060-3103 | vicky.siregar85@protonmail.com | linkedin.com/in/vicky-siregar | github.com/vickysir
0094,RINGKASAN PROFIL
0095,Mobile developer yang berpengalaman dalam membangun aplikasi native dan cross-platform untuk Android dan
0096,Memiliki rekam jejak dalam mengembangkan aplikasi dengan pengguna aktif jutaan
0097,Fokus pada performa
0098,aplikasi dan pengalaman pengguna yang optimal
0099,Flutter (cid:127) React Native (cid:127) REST API (cid:127) Git (cid:127) iOS SDK (cid:127) Dart (cid:127) SQLite (cid:127) SwiftUI (cid:127) Android SDK (cid:127) Play Store
0100,PENGALAMAN KERJA
0101,Mobile Developer (Android/iOS) — PT Gojek Indonesia
0102,(cid:127) Membangun fitur checkout yang meningkatkan konversi sebesar 18%
0103,(cid:127) Meraih juara 2 Hackathon Nasional kategori AI Innovation
0104,(cid:127) Membangun pipeline CI/CD yang mengurangi deployment time dari 2 jam menjadi 15 menit
0105,Junior Mobile Developer (Android/iOS) — PT Telkom Indonesia
0106,(cid:127) Memimpin migrasi sistem monolitik ke arsitektur microservices untuk 3 layanan utama
0107,(cid:127) Mengurangi bug production sebesar 50% melalui implementasi CI/CD yang ketat
0108,(cid:127) Mempercepat training model ML sebesar 60% dengan optimasi GPU pipeline
0109,S1 Teknik Elektro — Universitas Padjadjaran
0110,2019 – 2023 | IPK: 3.20
0111,(cid:127) Scrum Master Certified (SMC)
0112,Berkontribusi pada proyek open-source (cid:127) Membaca buku teknologi dan pengembangan diri (cid:127) Fotografi dan videografi
0113,Yogyakarta | +62 845-8953-4510 | eko.nasution70@yahoo.com | linkedin.com/in/eko-nasution | github.com/ekonas
0114,RINGKASAN PROFIL
0115,QA engineer yang berpengalaman dalam memastikan kualitas perangkat lunak melalui pendekatan pengujian
0116,yang komprehensif
0117,Terbiasa membangun framework automation testing yang efisien
0118,Memiliki pemahaman
0119,mendalam tentang proses SDLC dan metodologi Agile
0120,CI/CD (cid:127) JIRA (cid:127) Performance Testing (cid:127) Agile (cid:127) REST API (cid:127) Manual Testing (cid:127) Python (cid:127) TestNG (cid:127) Selenium (cid:127) Scrum
0121,PENGALAMAN KERJA
0122,QA Engineer — SeaBank
0123,(cid:127) Memimpin migrasi sistem monolitik ke arsitektur microservices untuk 3 layanan utama
0124,(cid:127) Mengurangi response time API sebesar 40% melalui optimasi query dan caching
0125,(cid:127) Meningkatkan code coverage dari 30% menjadi 85% dengan automation testing
0126,Junior QA Engineer — PT Indosat Ooredoo
0127,(cid:127) Membangun pipeline CI/CD yang mengurangi deployment time dari 2 jam menjadi 15 menit
0128,(cid:127) Mengintegrasikan sistem pembayaran dengan 4 payment gateway berbeda
0129,(cid:127) Memimpin tim 5 developer dalam menyelesaikan proyek senilai Rp 2 miliar
0130,S1 Data Science — Universitas Mercu Buana
0131,2017 – 2021 | IPK: 3.45
0132,(cid:127) Dicoding - Belajar Machine Learning untuk Pemula
0133,(cid:127) Microsoft Certified Azure Developer
0134,(cid:127) CompTIA Security+
0135,Mengikuti kompetisi competitive programming (cid:127) Bermain musik (gitar dan piano) (cid:127) Mengikuti meetup dan komunitas
0136,Frontend Developer
0137,Bandung | +62 866-2604-1828 | putri.budiman84@gmail.com | linkedin.com/in/putri-budiman | github.com/putribud
0138,RINGKASAN PROFIL
0139,Frontend developer yang passionate dalam membangun antarmuka pengguna yang responsif dan intuitif
0140,Berpengalaman dalam mengembangkan aplikasi web modern menggunakan framework JavaScript terkini
0141,Memiliki kepedulian tinggi terhadap performa dan pengalaman pengguna
0142,REST API (cid:127) Git (cid:127) TypeScript (cid:127) Angular (cid:127) CSS (cid:127) Tailwind (cid:127) Next.js (cid:127) Figma (cid:127) Webpack (cid:127) Redux
0143,PENGALAMAN KERJA
0144,Frontend Developer — PT Pertamina
0145,(cid:127) Mengurangi bug production sebesar 50% melalui implementasi CI/CD yang ketat
0146,(cid:127) Mengintegrasikan sistem pembayaran dengan 4 payment gateway berbeda
0147,(cid:127) Mengembangkan dashboard analytics yang digunakan oleh lebih dari 200 pengguna internal
0148,Frontend Developer — Akulaku
0149,(cid:127) Mengembangkan model rekomendasi yang meningkatkan CTR sebesar 25%
0150,(cid:127) Membangun pipeline CI/CD yang mengurangi deployment time dari 2 jam menjadi 15 menit
0151,(cid:127) Mengimplementasikan solusi keamanan yang berhasil mencegah 3 potensi breach keamanan
0152,Junior Frontend Developer — PT Tokopedia
0153,(cid:127) Mengurangi bug production sebesar 50% melalui implementasi CI/CD yang ketat
0154,(cid:127) Merancang sistem monitoring real-time yang memantau lebih dari 50 microservices
0155,(cid:127) Mengurangi response time API sebesar 40% melalui optimasi query dan caching
0156,S1 Ilmu Komputer — Universitas Indonesia
0157,2018 – 2021 | IPK: 3.94
0158,(cid:127) Coursera - Deep Learning Specialization
0159,Game development sebagai side project (cid:127) Mengajar coding kepada anak-anak sekolah (cid:127) Mengikuti kompetisi competitive
0160,Bandung | +62 833-2122-2113 | dian.nasution87@yahoo.com | linkedin.com/in/dian-nasution | github.com/diannas
0161,RINGKASAN PROFIL
0162,Cloud engineer dengan spesialisasi dalam perancangan dan pengelolaan infrastruktur cloud yang skalabel
0163,Berpengalaman dalam migrasi sistem on-premise ke cloud dan optimasi biaya infrastruktur
0164,Memiliki sertifikasi
0165,cloud dari AWS dan Google Cloud Platform
0166,Azure (cid:127) VPC (cid:127) Terraform (cid:127) RDS (cid:127) S3 (cid:127) AWS (cid:127) Load Balancer (cid:127) Linux (cid:127) Docker (cid:127) Kubernetes
0167,PENGALAMAN KERJA
0168,Cloud Engineer — Astra International
0169,(cid:127) Mengembangkan model rekomendasi yang meningkatkan CTR sebesar 25%
0170,(cid:127) Mempercepat training model ML sebesar 60% dengan optimasi GPU pipeline
0171,(cid:127) Memimpin tim 5 developer dalam menyelesaikan proyek senilai Rp 2 miliar
0172,Associate Cloud Engineer — Blibli.com
0173,(cid:127) Mengintegrasikan sistem pembayaran dengan 4 payment gateway berbeda
0174,(cid:127) Mengembangkan dashboard analytics yang digunakan oleh lebih dari 200 pengguna internal
0175,(cid:127) Memimpin migrasi sistem monolitik ke arsitektur microservices untuk 3 layanan utama
0176,Junior Cloud Engineer — Blibli.com
0177,(cid:127) Memimpin migrasi sistem monolitik ke arsitektur microservices untuk 3 layanan utama
0178,(cid:127) Meraih juara 2 Hackathon Nasional kategori AI Innovation
0179,(cid:127) Membangun pipeline CI/CD yang mengurangi deployment time dari 2 jam menjadi 15 menit
0180,S1 Teknik Elektro — Universitas Gunadarma
0181,2016 – 2019 | IPK: 3.67
0182,(cid:127) PMP - Project Management Professional
0183,(cid:127) Microsoft Certified Azure Developer
0184,(cid:127) Certified Ethical Hacker (CEH)
0185,Berkontribusi pada proyek open-source (cid:127) Menulis artikel teknis di Medium (cid:127) Fotografi dan videografi
0186,Bekasi | +62 879-5956-9666 | taufik.rahayu2@outlook.com | linkedin.com/in/taufik-rahayu | github.com/taufikrah
0187,RINGKASAN PROFIL
0188,Data engineer yang berpengalaman dalam membangun dan mengelola pipeline data skala besar
0189,bekerja dengan berbagai teknologi big data untuk memproses data streaming dan batch
0190,Memiliki kemampuan
0191,dalam merancang arsitektur data warehouse yang efisien
0192,Apache Spark (cid:127) Apache Kafka (cid:127) SQL (cid:127) GCP (cid:127) Docker (cid:127) dbt (cid:127) Hadoop (cid:127) Kubernetes (cid:127) ETL (cid:127) Redshift
0193,PENGALAMAN KERJA
0194,Data Engineer — SeaBank
0195,(cid:127) Meningkatkan code coverage dari 30% menjadi 85% dengan automation testing
0196,(cid:127) Memimpin tim 5 developer dalam menyelesaikan proyek senilai Rp 2 miliar
0197,(cid:127) Mengimplementasikan solusi keamanan yang berhasil mencegah 3 potensi breach keamanan
0198,Associate Data Engineer — PT Gojek Indonesia
0199,(cid:127) Mengembangkan dashboard analytics yang digunakan oleh lebih dari 200 pengguna internal
0200,(cid:127) Mengembangkan model rekomendasi yang meningkatkan CTR sebesar 25%
0201,(cid:127) Mempercepat training model ML sebesar 60% dengan optimasi GPU pipeline
0202,Data Engineer — Dana Indonesia
0203,(cid:127) Meraih juara 2 Hackathon Nasional kategori AI Innovation
0204,(cid:127) Mengurangi bug production sebesar 50% melalui implementasi CI/CD yang ketat
0205,(cid:127) Meningkatkan code coverage dari 30% menjadi 85% dengan automation testing
0206,S1 Teknik Elektro — Institut Teknologi Sepuluh Nopember
0207,2015 – 2019 | IPK: 3.53
0208,(cid:127) AWS Certified Solutions Architect
0209,(cid:127) Google Cloud Professional Data Engineer
0210,(cid:127) Dicoding - Belajar Machine Learning untuk Pemula
0211,Mengikuti kompetisi competitive programming (cid:127) Game development sebagai side project (cid:127) Membaca buku teknologi dan
0212,pengembangan diri
0213,Tangerang | +62 828-8041-3088 | yuni.lubis6@outlook.com | linkedin.com/in/yuni-lubis | github.com/yunilub
0214,RINGKASAN PROFIL
0215,DevOps engineer yang berpengalaman dalam otomasi infrastruktur dan pengelolaan platform cloud
0216,membangun pipeline CI/CD yang efisien dan reliable
0217,Memiliki pemahaman kuat tentang keamanan infrastruktur
0218,dan monitoring sistem skala enterprise
0219,Git (cid:127) Prometheus (cid:127) AWS (cid:127) Terraform (cid:127) Docker (cid:127) Python (cid:127) GCP (cid:127) Bash (cid:127) Ansible (cid:127) Kubernetes
0220,PENGALAMAN KERJA
0221,DevOps Engineer — Dana Indonesia
0222,(cid:127) Mengurangi bug production sebesar 50% melalui implementasi CI/CD yang ketat
0223,(cid:127) Merancang sistem monitoring real-time yang memantau lebih dari 50 microservices
0224,(cid:127) Mengembangkan dashboard analytics yang digunakan oleh lebih dari 200 pengguna internal
0225,DevOps Engineer Intern — Sayurbox
0226,(cid:127) Mengimplementasikan solusi keamanan yang berhasil mencegah 3 potensi breach keamanan
0227,(cid:127) Mengembangkan model rekomendasi yang meningkatkan CTR sebesar 25%
0228,(cid:127) Mengembangkan dashboard analytics yang digunakan oleh lebih dari 200 pengguna internal
0229,S1 Ilmu Komputer — Universitas Padjadjaran
0230,2015 – 2018 | IPK: 3.93
0231,(cid:127) Certified Kubernetes Administrator (CKA)
0232,(cid:127) CompTIA Security+
0233,(cid:127) ISTQB Certified Tester
0234,Membaca buku teknologi dan pengembangan diri (cid:127) Mengikuti meetup dan komunitas teknologi lokal (cid:127) Menulis artikel
0235,teknis di Medium
0236,Bekasi | +62 854-6000-4728 | muhammad.arifin29@gmail.com | linkedin.com/in/muhammad-arifin | github.com/muhammadari
0237,RINGKASAN PROFIL
0238,Data engineer yang berpengalaman dalam membangun dan mengelola pipeline data skala besar
0239,bekerja dengan berbagai teknologi big data untuk memproses data streaming dan batch
0240,Memiliki kemampuan
0241,dalam merancang arsitektur data warehouse yang efisien
0242,Airflow (cid:127) BigQuery (cid:127) PostgreSQL (cid:127) SQL (cid:127) Apache Spark (cid:127) Docker (cid:127) Kubernetes (cid:127) Hadoop (cid:127) dbt (cid:127) ETL
0243,PENGALAMAN KERJA
0244,Data Engineer — Flip.id
0245,(cid:127) Meningkatkan code coverage dari 30% menjadi 85% dengan automation testing
0246,(cid:127) Merancang sistem monitoring real-time yang memantau lebih dari 50 microservices
0247,(cid:127) Mengurangi bug production sebesar 50% melalui implementasi CI/CD yang ketat
0248,Junior Data Engineer — PT Pertamina
0249,(cid:127) Meningkatkan code coverage dari 30% menjadi 85% dengan automation testing
0250,(cid:127) Membangun fitur checkout yang meningkatkan konversi sebesar 18%
0251,(cid:127) Membangun pipeline CI/CD yang mengurangi deployment time dari 2 jam menjadi 15 menit
0252,Data Engineer — PT Tokopedia
0253,(cid:127) Mengurangi response time API sebesar 40% melalui optimasi query dan caching
0254,(cid:127) Meraih juara 2 Hackathon Nasional kategori AI Innovation
0255,(cid:127) Mengembangkan dashboard analytics yang digunakan oleh lebih dari 200 pengguna internal
0256,S1 Teknik Informatika — Universitas Diponegoro
0257,2013 – 2017 | IPK: 3.25
0258,(cid:127) CompTIA Security+
0259,(cid:127) Certified Ethical Hacker (CEH)
0260,(cid:127) Coursera - Deep Learning Specialization
0261,Berkontribusi pada proyek open-source (cid:127) Fotografi dan videografi (cid:127) Game development sebagai side project
0262,Bandung | +62 848-9308-6067 | rendi.budiman86@protonmail.com | linkedin.com/in/rendi-budiman | github.com/rendibud
0263,RINGKASAN PROFIL
0264,DevOps engineer yang berpengalaman dalam otomasi infrastruktur dan pengelolaan platform cloud
0265,membangun pipeline CI/CD yang efisien dan reliable
0266,Memiliki pemahaman kuat tentang keamanan infrastruktur
0267,dan monitoring sistem skala enterprise
0268,Ansible (cid:127) Bash (cid:127) Kubernetes (cid:127) CI/CD (cid:127) Azure (cid:127) Docker (cid:127) Git (cid:127) Grafana (cid:127) Terraform (cid:127) Jenkins
0269,PENGALAMAN KERJA
0270,DevOps Engineer — Flip.id
0271,(cid:127) Mempercepat training model ML sebesar 60% dengan optimasi GPU pipeline
0272,(cid:127) Merancang sistem monitoring real-time yang memantau lebih dari 50 microservices
0273,(cid:127) Berkontribusi pada open-source project dengan lebih dari 200 GitHub stars
0274,DevOps Engineer Intern — Blibli.com
0275,(cid:127) Meraih juara 2 Hackathon Nasional kategori AI Innovation
0276,(cid:127) Berkontribusi pada open-source project dengan lebih dari 200 GitHub stars
0277,(cid:127) Mengembangkan dashboard analytics yang digunakan oleh lebih dari 200 pengguna internal
0278,S1 Rekayasa Perangkat Lunak — Universitas Gadjah Mada
0279,2018 – 2021 | IPK: 3.36
0280,(cid:127) Certified Ethical Hacker (CEH)
0281,(cid:127) Meta Frontend Developer Certificate
0282,(cid:127) Google Cloud Professional Data Engineer
0283,Bermain musik (gitar dan piano) (cid:127) Game development sebagai side project (cid:127) Fotografi dan videografi
0284,Backend Developer
0285,Yogyakarta | +62 896-6085-4680 | fajar.arifin26@yahoo.com | linkedin.com/in/fajar-arifin | github.com/fajarari
0286,RINGKASAN PROFIL
0287,Backend developer berpengalaman dalam membangun layanan RESTful API yang skalabel dan handal
0288,bekerja dalam lingkungan microservices dengan pendekatan cloud-native
0289,Memiliki pemahaman mendalam
0290,tentang optimasi database dan desain sistem terdistribusi
0291,Python (cid:127) Node.js (cid:127) Docker (cid:127) REST API (cid:127) Java (cid:127) Linux (cid:127) Redis (cid:127) CI/CD (cid:127) MySQL (cid:127) Kubernetes
0292,PENGALAMAN KERJA
0293,Backend Developer — PT Telkom Indonesia
0294,(cid:127) Mengembangkan model rekomendasi yang meningkatkan CTR sebesar 25%
0295,(cid:127) Mengembangkan dashboard analytics yang digunakan oleh lebih dari 200 pengguna internal
0296,(cid:127) Mengurangi bug production sebesar 50% melalui implementasi CI/CD yang ketat
0297,Junior Backend Developer — Blibli.com
0298,(cid:127) Meraih juara 2 Hackathon Nasional kategori AI Innovation
0299,(cid:127) Membangun pipeline CI/CD yang mengurangi deployment time dari 2 jam menjadi 15 menit
0300,(cid:127) Memimpin migrasi sistem monolitik ke arsitektur microservices untuk 3 layanan utama
0301,S1 Matematika Komputasi — Universitas Padjadjaran
0302,2018 – 2021 | IPK: 3.23
0303,(cid:127) Oracle Certified Professional Java
0304,(cid:127) Docker Certified Associate
0305,Mengikuti meetup dan komunitas teknologi lokal (cid:127) Game development sebagai side project (cid:127) Fotografi dan videografi
0306,Fullstack Developer
0307,Bekasi | +62 888-9270-7991 | yoga.cahyono71@protonmail.com | linkedin.com/in/yoga-cahyono | github.com/yogacah
0308,RINGKASAN PROFIL
0309,Fullstack developer dengan kemampuan mengembangkan aplikasi web dari sisi frontend hingga backend
0310,Berpengalaman dalam membangun produk digital yang scalable menggunakan teknologi modern
0311,secara mandiri maupun dalam tim lintas fungsi
0312,Tailwind (cid:127) Express.js (cid:127) GraphQL (cid:127) Next.js (cid:127) Docker (cid:127) PostgreSQL (cid:127) AWS (cid:127) CI/CD (cid:127) Git (cid:127) Node.js
0313,PENGALAMAN KERJA
0314,Fullstack Developer — PT Bukalapak
0315,(cid:127) Mengembangkan model rekomendasi yang meningkatkan CTR sebesar 25%
0316,(cid:127) Mengintegrasikan sistem pembayaran dengan 4 payment gateway berbeda
0317,(cid:127) Membangun pipeline CI/CD yang mengurangi deployment time dari 2 jam menjadi 15 menit
0318,Fullstack Developer Intern — PT Kredivo
0319,(cid:127) Mengurangi bug production sebesar 50% melalui implementasi CI/CD yang ketat
0320,(cid:127) Membangun pipeline CI/CD yang mengurangi deployment time dari 2 jam menjadi 15 menit
0321,(cid:127) Memimpin migrasi sistem monolitik ke arsitektur microservices untuk 3 layanan utama
0322,Associate Fullstack Developer — PT Pertamina
0323,(cid:127) Meraih juara 2 Hackathon Nasional kategori AI Innovation
0324,(cid:127) Berkontribusi pada open-source project dengan lebih dari 200 GitHub stars
0325,(cid:127) Meningkatkan code coverage dari 30% menjadi 85% dengan automation testing
0326,S1 Matematika Komputasi — Universitas Brawijaya
0327,2013 – 2017 | IPK: 3.30
0328,(cid:127) CompTIA Security+
0329,Hiking dan kegiatan alam terbuka (cid:127) Mengajar coding kepada anak-anak sekolah (cid:127) Membaca buku teknologi dan
0330,pengembangan diri
0331,Depok | +62 871-1096-6763 | yoga.lubis39@protonmail.com | linkedin.com/in/yoga-lubis | github.com/yogalub
0332,RINGKASAN PROFIL
0333,Cloud engineer dengan spesialisasi dalam perancangan dan pengelolaan infrastruktur cloud yang skalabel
0334,Berpengalaman dalam migrasi sistem on-premise ke cloud dan optimasi biaya infrastruktur
0335,Memiliki sertifikasi
0336,cloud dari AWS dan Google Cloud Platform
0337,CloudFormation (cid:127) S3 (cid:127) RDS (cid:127) Load Balancer (cid:127) VPC (cid:127) Terraform (cid:127) Python (cid:127) IAM (cid:127) GCP (cid:127) EC2
0338,PENGALAMAN KERJA
0339,Cloud Engineer — Kargo Technologies
0340,(cid:127) Berkontribusi pada open-source project dengan lebih dari 200 GitHub stars
0341,(cid:127) Mengembangkan model rekomendasi yang meningkatkan CTR sebesar 25%
0342,(cid:127) Membangun fitur checkout yang meningkatkan konversi sebesar 18%
0343,Cloud Engineer — PT Gojek Indonesia
0344,(cid:127) Membangun fitur checkout yang meningkatkan konversi sebesar 18%
0345,(cid:127) Mengintegrasikan sistem pembayaran dengan 4 payment gateway berbeda
0346,(cid:127) Mempercepat training model ML sebesar 60% dengan optimasi GPU pipeline
0347,Cloud Engineer — PT Bukalapak
0348,(cid:127) Mengembangkan model rekomendasi yang meningkatkan CTR sebesar 25%
0349,(cid:127) Memimpin tim 5 developer dalam menyelesaikan proyek senilai Rp 2 miliar
0350,(cid:127) Berkontribusi pada open-source project dengan lebih dari 200 GitHub stars
0351,S1 Teknik Informatika — Binus University
0352,2018 – 2022 | IPK: 3.67
0353,(cid:127) Google Cloud Professional Data Engineer
0354,Bermain musik (gitar dan piano) (cid:127) Hiking dan kegiatan alam terbuka (cid:127) Fotografi dan videografi
0355,Medan | +62 853-7211-5558 | nadia.gunawan97@protonmail.com | linkedin.com/in/nadia-gunawan | github.com/nadiagun
0356,RINGKASAN PROFIL
0357,AI/ML engineer yang berfokus pada pengembangan dan deployment solusi kecerdasan buatan di lingkungan
0358,Berpengalaman dalam fine-tuning model bahasa besar dan pengembangan pipeline machine learning
0359,Memiliki passion dalam penelitian dan penerapan AI terkini
0360,LangChain (cid:127) TensorFlow (cid:127) MLflow (cid:127) Python (cid:127) Docker (cid:127) SQL (cid:127) NLP (cid:127) Keras (cid:127) FastAPI (cid:127) Kubernetes
0361,PENGALAMAN KERJA
0362,AI/ML Engineer — PT Telkom Indonesia
0363,(cid:127) Mengembangkan model rekomendasi yang meningkatkan CTR sebesar 25%
0364,(cid:127) Berkontribusi pada open-source project dengan lebih dari 200 GitHub stars
0365,(cid:127) Mempercepat training model ML sebesar 60% dengan optimasi GPU pipeline
0366,AI/ML Engineer Intern — Xendit
0367,(cid:127) Berkontribusi pada open-source project dengan lebih dari 200 GitHub stars
0368,(cid:127) Mengurangi bug production sebesar 50% melalui implementasi CI/CD yang ketat
0369,(cid:127) Mengimplementasikan solusi keamanan yang berhasil mencegah 3 potensi breach keamanan
0370,S1 Teknik Informatika — Universitas Amikom Yogyakarta
0371,2012 – 2015 | IPK: 3.27
0372,(cid:127) Certified Ethical Hacker (CEH)
0373,(cid:127) TensorFlow Developer Certificate
0374,Mengajar coding kepada anak-anak sekolah (cid:127) Berkontribusi pada proyek open-source (cid:127) Mengikuti kompetisi competitive
0375,Frontend Developer
0376,Bogor | +62 813-6111-7149 | umar.wijaya51@yahoo.com | linkedin.com/in/umar-wijaya | github.com/umarwij
0377,RINGKASAN PROFIL
0378,Frontend developer yang passionate dalam membangun antarmuka pengguna yang responsif dan intuitif
0379,Berpengalaman dalam mengembangkan aplikasi web modern menggunakan framework JavaScript terkini
0380,Memiliki kepedulian tinggi terhadap performa dan pengalaman pengguna
0381,Next.js (cid:127) Jest (cid:127) Webpack (cid:127) TypeScript (cid:127) Vue.js (cid:127) JavaScript (cid:127) Git (cid:127) React (cid:127) Angular (cid:127) REST API
0382,PENGALAMAN KERJA
0383,Frontend Developer — PT Pertamina
0384,(cid:127) Merancang sistem monitoring real-time yang memantau lebih dari 50 microservices
0385,(cid:127) Mempercepat training model ML sebesar 60% dengan optimasi GPU pipeline
0386,(cid:127) Berkontribusi pada open-source project dengan lebih dari 200 GitHub stars
0387,Frontend Developer — OVO
0388,(cid:127) Mengembangkan model rekomendasi yang meningkatkan CTR sebesar 25%
0389,(cid:127) Mengurangi bug production sebesar 50% melalui implementasi CI/CD yang ketat
0390,(cid:127) Meraih juara 2 Hackathon Nasional kategori AI Innovation
0391,Frontend Developer — Grab Indonesia
0392,(cid:127) Berkontribusi pada open-source project dengan lebih dari 200 GitHub stars
0393,(cid:127) Meningkatkan code coverage dari 30% menjadi 85% dengan automation testing
0394,(cid:127) Mengurangi bug production sebesar 50% melalui implementasi CI/CD yang ketat
0395,S1 Teknik Elektro — Universitas Padjadjaran
0396,2013 – 2017 | IPK: 3.11
0397,(cid:127) PMP - Project Management Professional
0398,(cid:127) Certified Ethical Hacker (CEH)
0399,(cid:127) ISTQB Certified Tester
0400,Menulis artikel teknis di Medium (cid:127) Berkontribusi pada proyek open-source (cid:127) Bermain musik (gitar dan piano)
0401,Bekasi | +62 882-7209-6511 | dewi.wibowo4@protonmail.com | linkedin.com/in/dewi-wibowo | github.com/dewiwib
0402,RINGKASAN PROFIL
0403,DevOps engineer yang berpengalaman dalam otomasi infrastruktur dan pengelolaan platform cloud
0404,membangun pipeline CI/CD yang efisien dan reliable
0405,Memiliki pemahaman kuat tentang keamanan infrastruktur
0406,dan monitoring sistem skala enterprise
0407,Azure (cid:127) Jenkins (cid:127) Docker (cid:127) Terraform (cid:127) Kubernetes (cid:127) Bash (cid:127) Python (cid:127) CI/CD (cid:127) Grafana (cid:127) AWS
0408,PENGALAMAN KERJA
0409,DevOps Engineer — PT Kredivo
0410,(cid:127) Berkontribusi pada open-source project dengan lebih dari 200 GitHub stars
0411,(cid:127) Mempercepat training model ML sebesar 60% dengan optimasi GPU pipeline
0412,(cid:127) Mengurangi bug production sebesar 50% melalui implementasi CI/CD yang ketat
0413,Junior DevOps Engineer — Blibli.com
0414,(cid:127) Memimpin migrasi sistem monolitik ke arsitektur microservices untuk 3 layanan utama
0415,(cid:127) Mengimplementasikan solusi keamanan yang berhasil mencegah 3 potensi breach keamanan
0416,(cid:127) Membangun pipeline CI/CD yang mengurangi deployment time dari 2 jam menjadi 15 menit
0417,DevOps Engineer Intern — PT Kredivo
0418,(cid:127) Mengimplementasikan solusi keamanan yang berhasil mencegah 3 potensi breach keamanan
0419,(cid:127) Mempercepat training model ML sebesar 60% dengan optimasi GPU pipeline
0420,(cid:127) Membangun fitur checkout yang meningkatkan konversi sebesar 18%
0421,S1 Teknik Komputer — Universitas Telkom
0422,2013 – 2016 | IPK: 3.71
0423,(cid:127) Coursera - Deep Learning Specialization
0424,(cid:127) PMP - Project Management Professional
0425,Game development sebagai side project (cid:127) Fotografi dan videografi (cid:127) Hiking dan kegiatan alam terbuka
0426,Medan | +62 855-8434-5438 | wulan.harahap40@outlook.com | linkedin.com/in/wulan-harahap | github.com/wulanhar
0427,RINGKASAN PROFIL
0428,Data scientist dengan keahlian dalam mengolah data berskala besar dan membangun model prediktif
0429,Berpengalaman dalam seluruh siklus data science mulai dari eksplorasi data hingga deployment model
0430,mengkomunikasikan insight data kepada stakeholder non-teknis
0431,R (cid:127) Power BI (cid:127) Deep Learning (cid:127) PyTorch (cid:127) Computer Vision (cid:127) Scikit-learn (cid:127) Machine Learning (cid:127) Statistics (cid:127) Tableau (cid:127) NLP
0432,PENGALAMAN KERJA
0433,Data Scientist — PT XL Axiata
0434,(cid:127) Mengembangkan model rekomendasi yang meningkatkan CTR sebesar 25%
0435,(cid:127) Mengimplementasikan solusi keamanan yang berhasil mencegah 3 potensi breach keamanan
0436,(cid:127) Mengurangi response time API sebesar 40% melalui optimasi query dan caching
0437,Data Scientist Intern — PT Midtrans
0438,(cid:127) Mengimplementasikan solusi keamanan yang berhasil mencegah 3 potensi breach keamanan
0439,(cid:127) Mengurangi response time API sebesar 40% melalui optimasi query dan caching
0440,(cid:127) Memimpin tim 5 developer dalam menyelesaikan proyek senilai Rp 2 miliar
0441,S1 Rekayasa Perangkat Lunak — Binus University
0442,2020 – 2024 | IPK: 3.93
0443,(cid:127) TensorFlow Developer Certificate
0444,(cid:127) HashiCorp Terraform Associate
0445,(cid:127) Microsoft Certified Azure Developer
0446,Mengikuti meetup dan komunitas teknologi lokal (cid:127) Berkontribusi pada proyek open-source (cid:127) Membaca buku teknologi dan
0447,pengembangan diri
0448,Bekasi | +62 871-8216-6582 | layla.nugroho24@gmail.com | linkedin.com/in/layla-nugroho | github.com/laylanug
0449,RINGKASAN PROFIL
0450,AI/ML engineer yang berfokus pada pengembangan dan deployment solusi kecerdasan buatan di lingkungan
0451,Berpengalaman dalam fine-tuning model bahasa besar dan pengembangan pipeline machine learning
0452,Memiliki passion dalam penelitian dan penerapan AI terkini
0453,LangChain (cid:127) MLflow (cid:127) TensorFlow (cid:127) Hugging Face (cid:127) Computer Vision (cid:127) GCP (cid:127) SQL (cid:127) Python (cid:127) Docker (cid:127) FastAPI
0454,PENGALAMAN KERJA
0455,AI/ML Engineer — Sayurbox
0456,(cid:127) Membangun fitur checkout yang meningkatkan konversi sebesar 18%
0457,(cid:127) Membangun pipeline CI/CD yang mengurangi deployment time dari 2 jam menjadi 15 menit
0458,(cid:127) Mengembangkan dashboard analytics yang digunakan oleh lebih dari 200 pengguna internal
0459,AI/ML Engineer — Astra International
0460,(cid:127) Mengintegrasikan sistem pembayaran dengan 4 payment gateway berbeda
0461,(cid:127) Berkontribusi pada open-source project dengan lebih dari 200 GitHub stars
0462,(cid:127) Mengimplementasikan solusi keamanan yang berhasil mencegah 3 potensi breach keamanan
0463,Associate AI/ML Engineer — PT Pertamina
0464,(cid:127) Membangun fitur checkout yang meningkatkan konversi sebesar 18%
0465,(cid:127) Mengintegrasikan sistem pembayaran dengan 4 payment gateway berbeda
0466,(cid:127) Mengurangi response time API sebesar 40% melalui optimasi query dan caching
0467,S1 Rekayasa Perangkat Lunak — Universitas Amikom Yogyakarta
0468,2013 – 2016 | IPK: 3.20
0469,(cid:127) Certified Kubernetes Administrator (CKA)
0470,(cid:127) Docker Certified Associate
0471,(cid:127) Coursera - Deep Learning Specialization
0472,Menulis artikel teknis di Medium (cid:127) Bermain musik (gitar dan piano) (cid:127) Berkontribusi pada proyek open-source
0473,Cyber Security Engineer
0474,Surabaya | +62 880-2229-3564 | kevin.wibowo1@protonmail.com | linkedin.com/in/kevin-wibowo | github.com/kevinwib
0475,RINGKASAN PROFIL
0476,Cyber security engineer dengan pengalaman dalam identifikasi dan mitigasi ancaman keamanan siber
0477,melakukan penetration testing dan vulnerability assessment pada aplikasi web dan infrastruktur jaringan
0478,pemahaman mendalam tentang standar keamanan internasional
0479,Wireshark (cid:127) Burp Suite (cid:127) Vulnerability Assessment (cid:127) Linux (cid:127) Penetration Testing (cid:127) Firewall (cid:127) Incident Response (cid:127) OWASP
0480,(cid:127) Python (cid:127) SOC
0481,PENGALAMAN KERJA
0482,Cyber Security Engineer — Grab Indonesia
0483,(cid:127) Memimpin tim 5 developer dalam menyelesaikan proyek senilai Rp 2 miliar
0484,(cid:127) Mengembangkan model rekomendasi yang meningkatkan CTR sebesar 25%
0485,(cid:127) Memimpin migrasi sistem monolitik ke arsitektur microservices untuk 3 layanan utama
0486,Associate Cyber Security Engineer — Dana Indonesia
0487,(cid:127) Membangun fitur checkout yang meningkatkan konversi sebesar 18%
0488,(cid:127) Mengurangi bug production sebesar 50% melalui implementasi CI/CD yang ketat
0489,(cid:127) Mengintegrasikan sistem pembayaran dengan 4 payment gateway berbeda
0490,S1 Teknik Komputer — Institut Teknologi Bandung
0491,2016 – 2019 | IPK: 3.46
0492,(cid:127) Dicoding - Belajar Machine Learning untuk Pemula
0493,(cid:127) Google Cloud Professional Data Engineer
0494,Mengikuti meetup dan komunitas teknologi lokal (cid:127) Bermain musik (gitar dan piano) (cid:127) Hiking dan kegiatan alam terbuka
0495,Tangerang | +62 873-8172-2317 | sari.nasution77@gmail.com | linkedin.com/in/sari-nasution | github.com/sarinas
0496,RINGKASAN PROFIL
0497,Cloud engineer dengan spesialisasi dalam perancangan dan pengelolaan infrastruktur cloud yang skalabel
0498,Berpengalaman dalam migrasi sistem on-premise ke cloud dan optimasi biaya infrastruktur
0499,Memiliki sertifikasi
0500,cloud dari AWS dan Google Cloud Platform
0501,S3 (cid:127) Docker (cid:127) VPC (cid:127) Kubernetes (cid:127) AWS (cid:127) Azure (cid:127) Terraform (cid:127) IAM (cid:127) Linux (cid:127) RDS
0502,PENGALAMAN KERJA
0503,Cloud Engineer — Xendit
0504,(cid:127) Meningkatkan code coverage dari 30% menjadi 85% dengan automation testing
0505,(cid:127) Mempercepat training model ML sebesar 60% dengan optimasi GPU pipeline
0506,(cid:127) Berkontribusi pada open-source project dengan lebih dari 200 GitHub stars
0507,Associate Cloud Engineer — Tiket.com
0508,(cid:127) Meningkatkan code coverage dari 30% menjadi 85% dengan automation testing
0509,(cid:127) Merancang sistem monitoring real-time yang memantau lebih dari 50 microservices
0510,(cid:127) Memimpin tim 5 developer dalam menyelesaikan proyek senilai Rp 2 miliar
0511,Cloud Engineer Intern — Traveloka
0512,(cid:127) Merancang sistem monitoring real-time yang memantau lebih dari 50 microservices
0513,(cid:127) Meningkatkan code coverage dari 30% menjadi 85% dengan automation testing
0514,(cid:127) Mengurangi bug production sebesar 50% melalui implementasi CI/CD yang ketat
0515,S1 Teknik Informatika — Universitas Brawijaya
0516,2014 – 2018 | IPK: 3.54
0517,(cid:127) TensorFlow Developer Certificate
0518,(cid:127) Meta Frontend Developer Certificate
0519,Hiking dan kegiatan alam terbuka (cid:127) Game development sebagai side project (cid:127) Membaca buku teknologi dan
0520,pengembangan diri
0521,Mobile Developer (Android/iOS)
0522,Medan | +62 842-6296-2899 | erwin.kurniawan99@protonmail.com | linkedin.com/in/erwin-kurniawan | github.com/erwinkur
0523,RINGKASAN PROFIL
0524,Mobile developer yang berpengalaman dalam membangun aplikasi native dan cross-platform untuk Android dan
0525,Memiliki rekam jejak dalam mengembangkan aplikasi dengan pengguna aktif jutaan
0526,Fokus pada performa
0527,aplikasi dan pengalaman pengguna yang optimal
0528,CI/CD (cid:127) Kotlin (cid:127) Jetpack Compose (cid:127) REST API (cid:127) Firebase (cid:127) iOS SDK (cid:127) Play Store (cid:127) Dart (cid:127) React Native (cid:127) Flutter
0529,PENGALAMAN KERJA
0530,Mobile Developer (Android/iOS) — PT Kredivo
0531,(cid:127) Berkontribusi pada open-source project dengan lebih dari 200 GitHub stars
0532,(cid:127) Memimpin migrasi sistem monolitik ke arsitektur microservices untuk 3 layanan utama
0533,(cid:127) Mengurangi response time API sebesar 40% melalui optimasi query dan caching
0534,Mobile Developer (Android/iOS) Intern — Flip.id
0535,(cid:127) Mengurangi bug production sebesar 50% melalui implementasi CI/CD yang ketat
0536,(cid:127) Mengembangkan model rekomendasi yang meningkatkan CTR sebesar 25%
0537,(cid:127) Mengimplementasikan solusi keamanan yang berhasil mencegah 3 potensi breach keamanan
0538,S1 Matematika Komputasi — Universitas Gunadarma
0539,2019 – 2022 | IPK: 3.27
0540,(cid:127) AWS Certified Solutions Architect
0541,(cid:127) PMP - Project Management Professional
0542,(cid:127) CompTIA Security+
0543,Berkontribusi pada proyek open-source (cid:127) Menulis artikel teknis di Medium (cid:127) Mengajar coding kepada anak-anak sekolah
0544,Surabaya | +62 873-5781-9337 | erwin.wijaya91@outlook.com | linkedin.com/in/erwin-wijaya | github.com/erwinwij
0545,RINGKASAN PROFIL
0546,Cloud engineer dengan spesialisasi dalam perancangan dan pengelolaan infrastruktur cloud yang skalabel
0547,Berpengalaman dalam migrasi sistem on-premise ke cloud dan optimasi biaya infrastruktur
0548,Memiliki sertifikasi
0549,cloud dari AWS dan Google Cloud Platform
0550,RDS (cid:127) Python (cid:127) Load Balancer (cid:127) Terraform (cid:127) EC2 (cid:127) CloudFormation (cid:127) GCP (cid:127) Linux (cid:127) Azure (cid:127) Kubernetes
0551,PENGALAMAN KERJA
0552,Cloud Engineer — Grab Indonesia
0553,(cid:127) Memimpin tim 5 developer dalam menyelesaikan proyek senilai Rp 2 miliar
0554,(cid:127) Mengurangi response time API sebesar 40% melalui optimasi query dan caching
0555,(cid:127) Mengimplementasikan solusi keamanan yang berhasil mencegah 3 potensi breach keamanan
0556,Cloud Engineer — Shopee Indonesia
0557,(cid:127) Memimpin tim 5 developer dalam menyelesaikan proyek senilai Rp 2 miliar
0558,(cid:127) Mengembangkan model rekomendasi yang meningkatkan CTR sebesar 25%
0559,(cid:127) Berkontribusi pada open-source project dengan lebih dari 200 GitHub stars
0560,Associate Cloud Engineer — Tiket.com
0561,(cid:127) Merancang sistem monitoring real-time yang memantau lebih dari 50 microservices
0562,(cid:127) Meraih juara 2 Hackathon Nasional kategori AI Innovation
0563,(cid:127) Mengembangkan dashboard analytics yang digunakan oleh lebih dari 200 pengguna internal
0564,S1 Ilmu Komputer — Universitas Telkom
0565,2013 – 2017 | IPK: 3.76
0566,(cid:127) Docker Certified Associate
0567,(cid:127) Scrum Master Certified (SMC)
0568,(cid:127) Certified Ethical Hacker (CEH)
0569,Menulis artikel teknis di Medium (cid:127) Mengajar coding kepada anak-anak sekolah (cid:127) Hiking dan kegiatan alam terbuka
0570,Depok | +62 815-6213-8749 | oscar.budiman91@protonmail.com | linkedin.com/in/oscar-budiman | github.com/oscarbud
0571,RINGKASAN PROFIL
0572,Cloud engineer dengan spesialisasi dalam perancangan dan pengelolaan infrastruktur cloud yang skalabel
0573,Berpengalaman dalam migrasi sistem on-premise ke cloud dan optimasi biaya infrastruktur
0574,Memiliki sertifikasi
0575,cloud dari AWS dan Google Cloud Platform
0576,IAM (cid:127) EC2 (cid:127) Load Balancer (cid:127) GCP (cid:127) Python (cid:127) AWS (cid:127) S3 (cid:127) Docker (cid:127) Linux (cid:127) VPC
0577,PENGALAMAN KERJA
0578,Cloud Engineer — OVO
0579,(cid:127) Memimpin migrasi sistem monolitik ke arsitektur microservices untuk 3 layanan utama
0580,(cid:127) Berkontribusi pada open-source project dengan lebih dari 200 GitHub stars
0581,(cid:127) Mengembangkan dashboard analytics yang digunakan oleh lebih dari 200 pengguna internal
0582,Cloud Engineer — PT Indosat Ooredoo
0583,(cid:127) Mempercepat training model ML sebesar 60% dengan optimasi GPU pipeline
0584,(cid:127) Memimpin migrasi sistem monolitik ke arsitektur microservices untuk 3 layanan utama
0585,(cid:127) Merancang sistem monitoring real-time yang memantau lebih dari 50 microservices
0586,S1 Sistem Informasi — Binus University
0587,2020 – 2024 | IPK: 3.11
0588,(cid:127) Docker Certified Associate
0589,(cid:127) Certified Ethical Hacker (CEH)
0590,(cid:127) Meta Frontend Developer Certificate
0591,Mengikuti meetup dan komunitas teknologi lokal (cid:127) Game development sebagai side project (cid:127) Membaca buku teknologi
0592,dan pengembangan diri
0593,Yogyakarta | +62 890-5708-4727 | okta.kurniawan96@gmail.com | linkedin.com/in/okta-kurniawan | github.com/oktakur
0594,RINGKASAN PROFIL
0595,Cloud engineer dengan spesialisasi dalam perancangan dan pengelolaan infrastruktur cloud yang skalabel
0596,Berpengalaman dalam migrasi sistem on-premise ke cloud dan optimasi biaya infrastruktur
0597,Memiliki sertifikasi
0598,cloud dari AWS dan Google Cloud Platform
0599,Azure (cid:127) EC2 (cid:127) IAM (cid:127) S3 (cid:127) Load Balancer (cid:127) Python (cid:127) GCP (cid:127) Kubernetes (cid:127) AWS (cid:127) Linux
0600,PENGALAMAN KERJA
0601,Cloud Engineer — PT Pertamina
0602,(cid:127) Membangun fitur checkout yang meningkatkan konversi sebesar 18%
0603,(cid:127) Mempercepat training model ML sebesar 60% dengan optimasi GPU pipeline
0604,(cid:127) Mengembangkan dashboard analytics yang digunakan oleh lebih dari 200 pengguna internal
0605,Cloud Engineer Intern — Dana Indonesia
0606,(cid:127) Memimpin migrasi sistem monolitik ke arsitektur microservices untuk 3 layanan utama
0607,(cid:127) Membangun fitur checkout yang meningkatkan konversi sebesar 18%
0608,(cid:127) Meningkatkan code coverage dari 30% menjadi 85% dengan automation testing
0609,S1 Teknik Informatika — Universitas Diponegoro
0610,2016 – 2020 | IPK: 3.42
0611,(cid:127) Scrum Master Certified (SMC)
0612,(cid:127) Coursera - Deep Learning Specialization
0613,(cid:127) TensorFlow Developer Certificate
0614,Mengikuti kompetisi competitive programming (cid:127) Menulis artikel teknis di Medium (cid:127) Mengikuti meetup dan komunitas
0615,Frontend Developer
0616,Bekasi | +62 842-1153-8622 | pandu.hidayat37@yahoo.com | linkedin.com/in/pandu-hidayat | github.com/panduhid
0617,RINGKASAN PROFIL
0618,Frontend developer yang passionate dalam membangun antarmuka pengguna yang responsif dan intuitif
0619,Berpengalaman dalam mengembangkan aplikasi web modern menggunakan framework JavaScript terkini
0620,Memiliki kepedulian tinggi terhadap performa dan pengalaman pengguna
0621,Tailwind (cid:127) HTML (cid:127) Next.js (cid:127) JavaScript (cid:127) Webpack (cid:127) CSS (cid:127) Jest (cid:127) REST API (cid:127) Git (cid:127) Angular
0622,PENGALAMAN KERJA
0623,Frontend Developer — PT Kredivo
0624,(cid:127) Mengimplementasikan solusi keamanan yang berhasil mencegah 3 potensi breach keamanan
0625,(cid:127) Mengurangi response time API sebesar 40% melalui optimasi query dan caching
0626,(cid:127) Mempercepat training model ML sebesar 60% dengan optimasi GPU pipeline
0627,Junior Frontend Developer — Grab Indonesia
0628,(cid:127) Membangun fitur checkout yang meningkatkan konversi sebesar 18%
0629,(cid:127) Memimpin tim 5 developer dalam menyelesaikan proyek senilai Rp 2 miliar
0630,(cid:127) Mempercepat training model ML sebesar 60% dengan optimasi GPU pipeline
0631,Frontend Developer — PT Tokopedia
0632,(cid:127) Memimpin tim 5 developer dalam menyelesaikan proyek senilai Rp 2 miliar
0633,(cid:127) Mengimplementasikan solusi keamanan yang berhasil mencegah 3 potensi breach keamanan
0634,(cid:127) Mengembangkan dashboard analytics yang digunakan oleh lebih dari 200 pengguna internal
0635,S1 Data Science — Institut Teknologi Sepuluh Nopember
0636,2019 – 2022 | IPK: 3.30
0637,(cid:127) HashiCorp Terraform Associate
0638,Menulis artikel teknis di Medium (cid:127) Mengajar coding kepada anak-anak sekolah (cid:127) Bermain musik (gitar dan piano)
0639,Backend Developer
0640,Surabaya | +62 890-2591-1645 | sinta.dharma40@protonmail.com | linkedin.com/in/sinta-dharma | github.com/sintadha
0641,RINGKASAN PROFIL
0642,Backend developer berpengalaman dalam membangun layanan RESTful API yang skalabel dan handal
0643,bekerja dalam lingkungan microservices dengan pendekatan cloud-native
0644,Memiliki pemahaman mendalam
0645,tentang optimasi database dan desain sistem terdistribusi
0646,REST API (cid:127) MySQL (cid:127) Git (cid:127) Go (cid:127) Java (cid:127) PostgreSQL (cid:127) CI/CD (cid:127) Redis (cid:127) Microservices (cid:127) Docker
0647,PENGALAMAN KERJA
0648,Backend Developer — Amartha
0649,(cid:127) Memimpin tim 5 developer dalam menyelesaikan proyek senilai Rp 2 miliar
0650,(cid:127) Merancang sistem monitoring real-time yang memantau lebih dari 50 microservices
0651,(cid:127) Mengembangkan dashboard analytics yang digunakan oleh lebih dari 200 pengguna internal
0652,Junior Backend Developer — Blibli.com
0653,(cid:127) Mengembangkan model rekomendasi yang meningkatkan CTR sebesar 25%
0654,(cid:127) Mengembangkan dashboard analytics yang digunakan oleh lebih dari 200 pengguna internal
0655,(cid:127) Membangun pipeline CI/CD yang mengurangi deployment time dari 2 jam menjadi 15 menit
0656,Backend Developer — Amartha
0657,(cid:127) Memimpin tim 5 developer dalam menyelesaikan proyek senilai Rp 2 miliar
0658,(cid:127) Mengembangkan dashboard analytics yang digunakan oleh lebih dari 200 pengguna internal
0659,(cid:127) Meraih juara 2 Hackathon Nasional kategori AI Innovation
0660,S1 Teknik Elektro — Universitas Gadjah Mada
0661,2020 – 2024 | IPK: 3.81
0662,(cid:127) Microsoft Certified Azure Developer
0663,(cid:127) Docker Certified Associate
0664,Hiking dan kegiatan alam terbuka (cid:127) Membaca buku teknologi dan pengembangan diri (cid:127) Bermain musik (gitar dan piano)
0665,Frontend Developer
0666,Bekasi | +62 857-5295-7242 | jasmine.wijaya82@outlook.com | linkedin.com/in/jasmine-wijaya | github.com/jasminewij
0667,RINGKASAN PROFIL
0668,Frontend developer yang passionate dalam membangun antarmuka pengguna yang responsif dan intuitif
0669,Berpengalaman dalam mengembangkan aplikasi web modern menggunakan framework JavaScript terkini
0670,Memiliki kepedulian tinggi terhadap performa dan pengalaman pengguna
0671,Webpack (cid:127) TypeScript (cid:127) Tailwind (cid:127) React (cid:127) Next.js (cid:127) Redux (cid:127) HTML (cid:127) Figma (cid:127) REST API (cid:127) Jest
0672,PENGALAMAN KERJA
0673,Frontend Developer — Tiket.com
0674,(cid:127) Memimpin migrasi sistem monolitik ke arsitektur microservices untuk 3 layanan utama
0675,(cid:127) Mengintegrasikan sistem pembayaran dengan 4 payment gateway berbeda
0676,(cid:127) Membangun pipeline CI/CD yang mengurangi deployment time dari 2 jam menjadi 15 menit
0677,Frontend Developer — OVO
0678,(cid:127) Berkontribusi pada open-source project dengan lebih dari 200 GitHub stars
0679,(cid:127) Merancang sistem monitoring real-time yang memantau lebih dari 50 microservices
0680,(cid:127) Mempercepat training model ML sebesar 60% dengan optimasi GPU pipeline
0681,S1 Matematika Komputasi — Universitas Mercu Buana
0682,2016 – 2020 | IPK: 3.20
0683,(cid:127) ISTQB Certified Tester
0684,(cid:127) TensorFlow Developer Certificate
0685,(cid:127) HashiCorp Terraform Associate
0686,Mengikuti kompetisi competitive programming (cid:127) Hiking dan kegiatan alam terbuka (cid:127) Berkontribusi pada proyek
0687,Gilang Situmorang
0688,Cyber Security Engineer
0689,Depok | +62 845-1536-7070 | gilang.situmorang28@protonmail.com | linkedin.com/in/gilang-situmorang | github.com/gilangsit
0690,RINGKASAN PROFIL
0691,Cyber security engineer dengan pengalaman dalam identifikasi dan mitigasi ancaman keamanan siber
0692,melakukan penetration testing dan vulnerability assessment pada aplikasi web dan infrastruktur jaringan
0693,pemahaman mendalam tentang standar keamanan internasional
0694,Firewall (cid:127) SOC (cid:127) Python (cid:127) Ethical Hacking (cid:127) Nmap (cid:127) ISO 27001 (cid:127) OWASP (cid:127) Burp Suite (cid:127) Penetration Testing (cid:127) Incident
0695,PENGALAMAN KERJA
0696,Cyber Security Engineer — Flip.id
0697,(cid:127) Mengurangi response time API sebesar 40% melalui optimasi query dan caching
0698,(cid:127) Mengintegrasikan sistem pembayaran dengan 4 payment gateway berbeda
0699,(cid:127) Mengembangkan dashboard analytics yang digunakan oleh lebih dari 200 pengguna internal
0700,Cyber Security Engineer Intern — PT Telkom Indonesia
0701,(cid:127) Mengembangkan dashboard analytics yang digunakan oleh lebih dari 200 pengguna internal
0702,(cid:127) Membangun fitur checkout yang meningkatkan konversi sebesar 18%
0703,(cid:127) Membangun pipeline CI/CD yang mengurangi deployment time dari 2 jam menjadi 15 menit
0704,S1 Teknik Komputer — Universitas Brawijaya
0705,2013 – 2017 | IPK: 3.18
0706,(cid:127) CompTIA Security+
0707,Mengajar coding kepada anak-anak sekolah (cid:127) Menulis artikel teknis di Medium (cid:127) Game development sebagai side project
0708,Mobile Developer (Android/iOS)
0709,Surabaya | +62 886-1046-5542 | wahyu.dharma19@yahoo.com | linkedin.com/in/wahyu-dharma | github.com/wahyudha
0710,RINGKASAN PROFIL
0711,Mobile developer yang berpengalaman dalam membangun aplikasi native dan cross-platform untuk Android dan
0712,Memiliki rekam jejak dalam mengembangkan aplikasi dengan pengguna aktif jutaan
0713,Fokus pada performa
0714,aplikasi dan pengalaman pengguna yang optimal
0715,React Native (cid:127) SQLite (cid:127) Flutter (cid:127) Swift (cid:127) Jetpack Compose (cid:127) Kotlin (cid:127) CI/CD (cid:127) Git (cid:127) REST API (cid:127) SwiftUI
0716,PENGALAMAN KERJA
0717,Mobile Developer (Android/iOS) — Kudo (Grab)
0718,(cid:127) Memimpin migrasi sistem monolitik ke arsitektur microservices untuk 3 layanan utama
0719,(cid:127) Mengurangi bug production sebesar 50% melalui implementasi CI/CD yang ketat
0720,(cid:127) Mengintegrasikan sistem pembayaran dengan 4 payment gateway berbeda
0721,Associate Mobile Developer (Android/iOS) — Blibli.com
0722,(cid:127) Meraih juara 2 Hackathon Nasional kategori AI Innovation
0723,(cid:127) Membangun fitur checkout yang meningkatkan konversi sebesar 18%
0724,(cid:127) Memimpin migrasi sistem monolitik ke arsitektur microservices untuk 3 layanan utama
0725,S1 Teknik Elektro — Universitas Gunadarma
0726,2012 – 2015 | IPK: 3.33
0727,(cid:127) Scrum Master Certified (SMC)
0728,(cid:127) TensorFlow Developer Certificate
0729,Membaca buku teknologi dan pengembangan diri (cid:127) Game development sebagai side project (cid:127) Bermain musik (gitar dan
0730,Cyber Security Engineer
0731,Jakarta | +62 817-8847-7580 | erwin.halim55@gmail.com | linkedin.com/in/erwin-halim | github.com/erwinhal
0732,RINGKASAN PROFIL
0733,Cyber security engineer dengan pengalaman dalam identifikasi dan mitigasi ancaman keamanan siber
0734,melakukan penetration testing dan vulnerability assessment pada aplikasi web dan infrastruktur jaringan
0735,pemahaman mendalam tentang standar keamanan internasional
0736,Wireshark (cid:127) Vulnerability Assessment (cid:127) Ethical Hacking (cid:127) ISO 27001 (cid:127) Python (cid:127) Burp Suite (cid:127) SIEM (cid:127) Incident Response (cid:127)
0737,SOC (cid:127) OWASP
0738,PENGALAMAN KERJA
0739,Cyber Security Engineer — Traveloka
0740,(cid:127) Memimpin tim 5 developer dalam menyelesaikan proyek senilai Rp 2 miliar
0741,(cid:127) Mempercepat training model ML sebesar 60% dengan optimasi GPU pipeline
0742,(cid:127) Mengintegrasikan sistem pembayaran dengan 4 payment gateway berbeda
0743,Cyber Security Engineer Intern — Amartha
0744,(cid:127) Meningkatkan code coverage dari 30% menjadi 85% dengan automation testing
0745,(cid:127) Berkontribusi pada open-source project dengan lebih dari 200 GitHub stars
0746,(cid:127) Membangun pipeline CI/CD yang mengurangi deployment time dari 2 jam menjadi 15 menit
0747,Cyber Security Engineer — PT Indosat Ooredoo
0748,(cid:127) Meningkatkan code coverage dari 30% menjadi 85% dengan automation testing
0749,(cid:127) Mengintegrasikan sistem pembayaran dengan 4 payment gateway berbeda
0750,(cid:127) Mengurangi bug production sebesar 50% melalui implementasi CI/CD yang ketat
0751,S1 Teknik Elektro — Universitas Gunadarma
0752,2018 – 2022 | IPK: 3.49
0753,(cid:127) Meta Frontend Developer Certificate
0754,Hiking dan kegiatan alam terbuka (cid:127) Fotografi dan videografi (cid:127) Bermain musik (gitar dan piano)
0755,Frontend Developer
0756,Bekasi | +62 818-2494-2398 | yuni.santoso12@protonmail.com | linkedin.com/in/yuni-santoso | github.com/yunisan
0757,RINGKASAN PROFIL
0758,Frontend developer yang passionate dalam membangun antarmuka pengguna yang responsif dan intuitif
0759,Berpengalaman dalam mengembangkan aplikasi web modern menggunakan framework JavaScript terkini
0760,Memiliki kepedulian tinggi terhadap performa dan pengalaman pengguna
0761,Jest (cid:127) REST API (cid:127) HTML (cid:127) Angular (cid:127) Redux (cid:127) React (cid:127) Webpack (cid:127) Git (cid:127) Tailwind (cid:127) Next.js
0762,PENGALAMAN KERJA
0763,Frontend Developer — Xendit
0764,(cid:127) Meraih juara 2 Hackathon Nasional kategori AI Innovation
0765,(cid:127) Membangun pipeline CI/CD yang mengurangi deployment time dari 2 jam menjadi 15 menit
0766,(cid:127) Mengembangkan model rekomendasi yang meningkatkan CTR sebesar 25%
0767,Frontend Developer Intern — Tiket.com
0768,(cid:127) Memimpin tim 5 developer dalam menyelesaikan proyek senilai Rp 2 miliar
0769,(cid:127) Memimpin migrasi sistem monolitik ke arsitektur microservices untuk 3 layanan utama
0770,(cid:127) Merancang sistem monitoring real-time yang memantau lebih dari 50 microservices
0771,Junior Frontend Developer — PT XL Axiata
0772,(cid:127) Mengembangkan dashboard analytics yang digunakan oleh lebih dari 200 pengguna internal
0773,(cid:127) Mengimplementasikan solusi keamanan yang berhasil mencegah 3 potensi breach keamanan
0774,(cid:127) Membangun fitur checkout yang meningkatkan konversi sebesar 18%
0775,S1 Teknik Elektro — Universitas Padjadjaran
0776,2018 – 2021 | IPK: 3.92
0777,(cid:127) ISTQB Certified Tester
0778,Game development sebagai side project (cid:127) Mengajar coding kepada anak-anak sekolah (cid:127) Membaca buku teknologi dan
0779,pengembangan diri
0780,Semarang | +62 813-3955-5477 | nurul.dermawan90@outlook.com | linkedin.com/in/nurul-dermawan | github.com/nurulder
0781,RINGKASAN PROFIL
0782,DevOps engineer yang berpengalaman dalam otomasi infrastruktur dan pengelolaan platform cloud
0783,membangun pipeline CI/CD yang efisien dan reliable
0784,Memiliki pemahaman kuat tentang keamanan infrastruktur
0785,dan monitoring sistem skala enterprise
0786,Terraform (cid:127) AWS (cid:127) Azure (cid:127) Prometheus (cid:127) Linux (cid:127) Ansible (cid:127) GCP (cid:127) Bash (cid:127) Git (cid:127) Python
0787,PENGALAMAN KERJA
0788,DevOps Engineer — PT XL Axiata
0789,(cid:127) Mengimplementasikan solusi keamanan yang berhasil mencegah 3 potensi breach keamanan
0790,(cid:127) Mengurangi bug production sebesar 50% melalui implementasi CI/CD yang ketat
0791,(cid:127) Merancang sistem monitoring real-time yang memantau lebih dari 50 microservices
0792,Junior DevOps Engineer — Flip.id
0793,(cid:127) Mengintegrasikan sistem pembayaran dengan 4 payment gateway berbeda
0794,(cid:127) Mengurangi response time API sebesar 40% melalui optimasi query dan caching
0795,(cid:127) Mengembangkan model rekomendasi yang meningkatkan CTR sebesar 25%
0796,Junior DevOps Engineer — PT Moladin
0797,(cid:127) Mempercepat training model ML sebesar 60% dengan optimasi GPU pipeline
0798,(cid:127) Memimpin migrasi sistem monolitik ke arsitektur microservices untuk 3 layanan utama
0799,(cid:127) Mengimplementasikan solusi keamanan yang berhasil mencegah 3 potensi breach keamanan
0800,S1 Sistem Informasi — Universitas Indonesia
0801,2020 – 2023 | IPK: 3.42
0802,(cid:127) ISTQB Certified Tester
0803,(cid:127) Scrum Master Certified (SMC)
0804,Mengajar coding kepada anak-anak sekolah (cid:127) Mengikuti meetup dan komunitas teknologi lokal (cid:127) Hiking dan kegiatan
0805,Tangerang | +62 824-6655-8043 | sari.susanto15@outlook.com | linkedin.com/in/sari-susanto | github.com/sarisus
0806,RINGKASAN PROFIL
0807,Data engineer yang berpengalaman dalam membangun dan mengelola pipeline data skala besar
0808,bekerja dengan berbagai teknologi big data untuk memproses data streaming dan batch
0809,Memiliki kemampuan
0810,dalam merancang arsitektur data warehouse yang efisien
0811,Data Pipeline (cid:127) ETL (cid:127) Redshift (cid:127) dbt (cid:127) GCP (cid:127) SQL (cid:127) Python (cid:127) Airflow (cid:127) Kubernetes (cid:127) Hadoop
0812,PENGALAMAN KERJA
0813,Data Engineer — PT Indosat Ooredoo
0814,(cid:127) Memimpin migrasi sistem monolitik ke arsitektur microservices untuk 3 layanan utama
0815,(cid:127) Mengurangi response time API sebesar 40% melalui optimasi query dan caching
0816,(cid:127) Berkontribusi pada open-source project dengan lebih dari 200 GitHub stars
0817,Data Engineer Intern — PT Pertamina
0818,(cid:127) Mengembangkan model rekomendasi yang meningkatkan CTR sebesar 25%
0819,(cid:127) Meningkatkan code coverage dari 30% menjadi 85% dengan automation testing
0820,(cid:127) Meraih juara 2 Hackathon Nasional kategori AI Innovation
0821,S1 Teknik Informatika — Universitas Indonesia
0822,2015 – 2019 | IPK: 3.90
0823,(cid:127) Scrum Master Certified (SMC)
0824,(cid:127) PMP - Project Management Professional
0825,(cid:127) Dicoding - Belajar Machine Learning untuk Pemula
0826,Fotografi dan videografi (cid:127) Berkontribusi pada proyek open-source (cid:127) Hiking dan kegiatan alam terbuka
0827,Depok | +62 812-8532-2275 | wulan.setiawan41@protonmail.com | linkedin.com/in/wulan-setiawan | github.com/wulanset
0828,RINGKASAN PROFIL
0829,UI/UX designer yang berdedikasi dalam menciptakan pengalaman digital yang bermakna dan berpusat pada
0830,Berpengalaman dalam design thinking dan user-centered design
0831,Mampu berkolaborasi dengan tim
0832,engineering untuk menghasilkan produk yang fungsional dan estetis
0833,Design System (cid:127) Information Architecture (cid:127) Wireframing (cid:127) InVision (cid:127) User Research (cid:127) Adobe XD (cid:127) Adobe Illustrator (cid:127)
0834,Figma (cid:127) Sketch (cid:127) Agile
0835,PENGALAMAN KERJA
0836,UI/UX Designer — Xendit
0837,(cid:127) Meningkatkan code coverage dari 30% menjadi 85% dengan automation testing
0838,(cid:127) Meraih juara 2 Hackathon Nasional kategori AI Innovation
0839,(cid:127) Memimpin migrasi sistem monolitik ke arsitektur microservices untuk 3 layanan utama
0840,Associate UI/UX Designer — Waresix
0841,(cid:127) Mengurangi bug production sebesar 50% melalui implementasi CI/CD yang ketat
0842,(cid:127) Merancang sistem monitoring real-time yang memantau lebih dari 50 microservices
0843,(cid:127) Membangun pipeline CI/CD yang mengurangi deployment time dari 2 jam menjadi 15 menit
0844,S1 Matematika Komputasi — Universitas Amikom Yogyakarta
0845,2017 – 2020 | IPK: 3.47
0846,(cid:127) Certified Ethical Hacker (CEH)
0847,(cid:127) Google Cloud Professional Data Engineer
0848,Game development sebagai side project (cid:127) Berkontribusi pada proyek open-source (cid:127) Menulis artikel teknis di Medium
0849,Medan | +62 892-3419-4871 | zahra.purnama14@yahoo.com | linkedin.com/in/zahra-purnama | github.com/zahrapur
0850,RINGKASAN PROFIL
0851,AI/ML engineer yang berfokus pada pengembangan dan deployment solusi kecerdasan buatan di lingkungan
0852,Berpengalaman dalam fine-tuning model bahasa besar dan pengembangan pipeline machine learning
0853,Memiliki passion dalam penelitian dan penerapan AI terkini
0854,Keras (cid:127) PyTorch (cid:127) Kubernetes (cid:127) LangChain (cid:127) FastAPI (cid:127) TensorFlow (cid:127) SQL (cid:127) MLflow (cid:127) GCP (cid:127) Scikit-learn
0855,PENGALAMAN KERJA
0856,AI/ML Engineer — SeaBank
0857,(cid:127) Mengimplementasikan solusi keamanan yang berhasil mencegah 3 potensi breach keamanan
0858,(cid:127) Mengembangkan dashboard analytics yang digunakan oleh lebih dari 200 pengguna internal
0859,(cid:127) Mengintegrasikan sistem pembayaran dengan 4 payment gateway berbeda
0860,Associate AI/ML Engineer — PT Tokopedia
0861,(cid:127) Meraih juara 2 Hackathon Nasional kategori AI Innovation
0862,(cid:127) Memimpin migrasi sistem monolitik ke arsitektur microservices untuk 3 layanan utama
0863,(cid:127) Mengimplementasikan solusi keamanan yang berhasil mencegah 3 potensi breach keamanan
0864,S1 Matematika Komputasi — Universitas Amikom Yogyakarta
0865,2017 – 2021 | IPK: 3.23
0866,(cid:127) Dicoding - Belajar Machine Learning untuk Pemula
0867,(cid:127) AWS Certified Solutions Architect
0868,Membaca buku teknologi dan pengembangan diri (cid:127) Fotografi dan videografi (cid:127) Bermain musik (gitar dan piano)
0869,Cyber Security Engineer
0870,Bandung | +62 888-9307-7299 | eko.halim60@gmail.com | linkedin.com/in/eko-halim | github.com/ekohal
0871,RINGKASAN PROFIL
0872,Cyber security engineer dengan pengalaman dalam identifikasi dan mitigasi ancaman keamanan siber
0873,melakukan penetration testing dan vulnerability assessment pada aplikasi web dan infrastruktur jaringan
0874,pemahaman mendalam tentang standar keamanan internasional
0875,Incident Response (cid:127) ISO 27001 (cid:127) Burp Suite (cid:127) Nmap (cid:127) Firewall (cid:127) Python (cid:127) Vulnerability Assessment (cid:127) SIEM (cid:127) Penetration
0876,Testing (cid:127) Wireshark
0877,PENGALAMAN KERJA
0878,Cyber Security Engineer — Kudo (Grab)
0879,(cid:127) Membangun fitur checkout yang meningkatkan konversi sebesar 18%
0880,(cid:127) Mengembangkan model rekomendasi yang meningkatkan CTR sebesar 25%
0881,(cid:127) Merancang sistem monitoring real-time yang memantau lebih dari 50 microservices
0882,Cyber Security Engineer — Shopee Indonesia
0883,(cid:127) Meningkatkan code coverage dari 30% menjadi 85% dengan automation testing
0884,(cid:127) Mengembangkan dashboard analytics yang digunakan oleh lebih dari 200 pengguna internal
0885,(cid:127) Merancang sistem monitoring real-time yang memantau lebih dari 50 microservices
0886,Junior Cyber Security Engineer — Flip.id
0887,(cid:127) Mengembangkan dashboard analytics yang digunakan oleh lebih dari 200 pengguna internal
0888,(cid:127) Mempercepat training model ML sebesar 60% dengan optimasi GPU pipeline
0889,(cid:127) Memimpin tim 5 developer dalam menyelesaikan proyek senilai Rp 2 miliar
0890,S1 Teknik Elektro — Institut Teknologi Bandung
0891,2013 – 2016 | IPK: 3.13
0892,(cid:127) Microsoft Certified Azure Developer
0893,(cid:127) Certified Ethical Hacker (CEH)
0894,Berkontribusi pada proyek open-source (cid:127) Game development sebagai side project (cid:127) Hiking dan kegiatan alam terbuka
0895,Bogor | +62 829-6461-2335 | taufik.hidayat75@yahoo.com | linkedin.com/in/taufik-hidayat | github.com/taufikhid
0896,RINGKASAN PROFIL
0897,DevOps engineer yang berpengalaman dalam otomasi infrastruktur dan pengelolaan platform cloud
0898,membangun pipeline CI/CD yang efisien dan reliable
0899,Memiliki pemahaman kuat tentang keamanan infrastruktur
0900,dan monitoring sistem skala enterprise
0901,Kubernetes (cid:127) Python (cid:127) Bash (cid:127) Grafana (cid:127) Ansible (cid:127) Azure (cid:127) GCP (cid:127) Git (cid:127) Jenkins (cid:127) Docker
0902,PENGALAMAN KERJA
0903,DevOps Engineer — PT Gojek Indonesia
0904,(cid:127) Merancang sistem monitoring real-time yang memantau lebih dari 50 microservices
0905,(cid:127) Mengimplementasikan solusi keamanan yang berhasil mencegah 3 potensi breach keamanan
0906,(cid:127) Mengembangkan model rekomendasi yang meningkatkan CTR sebesar 25%
0907,DevOps Engineer — PT Indosat Ooredoo
0908,(cid:127) Membangun pipeline CI/CD yang mengurangi deployment time dari 2 jam menjadi 15 menit
0909,(cid:127) Mengintegrasikan sistem pembayaran dengan 4 payment gateway berbeda
0910,(cid:127) Mengembangkan model rekomendasi yang meningkatkan CTR sebesar 25%
0911,Associate DevOps Engineer — PT Bukalapak
0912,(cid:127) Memimpin tim 5 developer dalam menyelesaikan proyek senilai Rp 2 miliar
0913,(cid:127) Mengembangkan dashboard analytics yang digunakan oleh lebih dari 200 pengguna internal
0914,(cid:127) Memimpin migrasi sistem monolitik ke arsitektur microservices untuk 3 layanan utama
0915,S1 Teknik Elektro — Universitas Mercu Buana
0916,2014 – 2017 | IPK: 3.65
0917,(cid:127) Google Cloud Professional Data Engineer
0918,(cid:127) Meta Frontend Developer Certificate
0919,(cid:127) Certified Ethical Hacker (CEH)
0920,Mengajar coding kepada anak-anak sekolah (cid:127) Mengikuti kompetisi competitive programming (cid:127) Hiking dan kegiatan alam
0921,Surabaya | +62 898-3712-8170 | joko.rahayu6@protonmail.com | linkedin.com/in/joko-rahayu | github.com/jokorah
0922,RINGKASAN PROFIL
0923,DevOps engineer yang berpengalaman dalam otomasi infrastruktur dan pengelolaan platform cloud
0924,membangun pipeline CI/CD yang efisien dan reliable
0925,Memiliki pemahaman kuat tentang keamanan infrastruktur
0926,dan monitoring sistem skala enterprise
0927,Python (cid:127) Bash (cid:127) Docker (cid:127) Jenkins (cid:127) Linux (cid:127) Kubernetes (cid:127) Grafana (cid:127) Prometheus (cid:127) Git (cid:127) GCP
0928,PENGALAMAN KERJA
0929,DevOps Engineer — PT Moladin
0930,(cid:127) Meningkatkan code coverage dari 30% menjadi 85% dengan automation testing
0931,(cid:127) Meraih juara 2 Hackathon Nasional kategori AI Innovation
0932,(cid:127) Memimpin tim 5 developer dalam menyelesaikan proyek senilai Rp 2 miliar
0933,DevOps Engineer Intern — Dana Indonesia
0934,(cid:127) Mengembangkan dashboard analytics yang digunakan oleh lebih dari 200 pengguna internal
0935,(cid:127) Membangun fitur checkout yang meningkatkan konversi sebesar 18%
0936,(cid:127) Mengembangkan model rekomendasi yang meningkatkan CTR sebesar 25%
0937,DevOps Engineer — PT Tokopedia
0938,(cid:127) Memimpin tim 5 developer dalam menyelesaikan proyek senilai Rp 2 miliar
0939,(cid:127) Merancang sistem monitoring real-time yang memantau lebih dari 50 microservices
0940,(cid:127) Meraih juara 2 Hackathon Nasional kategori AI Innovation
0941,S1 Matematika Komputasi — Universitas Brawijaya
0942,2015 – 2019 | IPK: 3.68
0943,(cid:127) Certified Kubernetes Administrator (CKA)
0944,Bermain musik (gitar dan piano) (cid:127) Berkontribusi pada proyek open-source (cid:127) Mengikuti kompetisi competitive
0945,Tangerang | +62 828-8167-2502 | sari.gunawan29@protonmail.com | linkedin.com/in/sari-gunawan | github.com/sarigun
0946,RINGKASAN PROFIL
0947,DevOps engineer yang berpengalaman dalam otomasi infrastruktur dan pengelolaan platform cloud
0948,membangun pipeline CI/CD yang efisien dan reliable
0949,Memiliki pemahaman kuat tentang keamanan infrastruktur
0950,dan monitoring sistem skala enterprise
0951,Git (cid:127) AWS (cid:127) Ansible (cid:127) Grafana (cid:127) Prometheus (cid:127) CI/CD (cid:127) Terraform (cid:127) Docker (cid:127) Jenkins (cid:127) Bash
0952,PENGALAMAN KERJA
0953,DevOps Engineer — PT Tokopedia
0954,(cid:127) Mengimplementasikan solusi keamanan yang berhasil mencegah 3 potensi breach keamanan
0955,(cid:127) Memimpin tim 5 developer dalam menyelesaikan proyek senilai Rp 2 miliar
0956,(cid:127) Berkontribusi pada open-source project dengan lebih dari 200 GitHub stars
0957,DevOps Engineer Intern — Kargo Technologies
0958,(cid:127) Mengembangkan dashboard analytics yang digunakan oleh lebih dari 200 pengguna internal
0959,(cid:127) Mengurangi bug production sebesar 50% melalui implementasi CI/CD yang ketat
0960,(cid:127) Berkontribusi pada open-source project dengan lebih dari 200 GitHub stars
0961,Junior DevOps Engineer — Flip.id
0962,(cid:127) Mengintegrasikan sistem pembayaran dengan 4 payment gateway berbeda
0963,(cid:127) Memimpin migrasi sistem monolitik ke arsitektur microservices untuk 3 layanan utama
0964,(cid:127) Mengurangi response time API sebesar 40% melalui optimasi query dan caching
0965,S1 Teknik Komputer — Universitas Diponegoro
0966,2012 – 2016 | IPK: 3.89
0967,(cid:127) CompTIA Security+
0968,(cid:127) ISTQB Certified Tester
0969,Mengikuti kompetisi competitive programming (cid:127) Game development sebagai side project (cid:127) Hiking dan kegiatan alam
0970,Semarang | +62 840-5934-2996 | hendra.dharma7@yahoo.com | linkedin.com/in/hendra-dharma | github.com/hendradha
0971,RINGKASAN PROFIL
0972,Cloud engineer dengan spesialisasi dalam perancangan dan pengelolaan infrastruktur cloud yang skalabel
0973,Berpengalaman dalam migrasi sistem on-premise ke cloud dan optimasi biaya infrastruktur
0974,Memiliki sertifikasi
0975,cloud dari AWS dan Google Cloud Platform
0976,IAM (cid:127) EC2 (cid:127) VPC (cid:127) Python (cid:127) Azure (cid:127) Load Balancer (cid:127) S3 (cid:127) AWS (cid:127) Docker (cid:127) Kubernetes
0977,PENGALAMAN KERJA
0978,Cloud Engineer — PT Pertamina
0979,(cid:127) Mengembangkan model rekomendasi yang meningkatkan CTR sebesar 25%
0980,(cid:127) Mempercepat training model ML sebesar 60% dengan optimasi GPU pipeline
0981,(cid:127) Memimpin tim 5 developer dalam menyelesaikan proyek senilai Rp 2 miliar
0982,Associate Cloud Engineer — Kudo (Grab)
0983,(cid:127) Memimpin migrasi sistem monolitik ke arsitektur microservices untuk 3 layanan utama
0984,(cid:127) Meraih juara 2 Hackathon Nasional kategori AI Innovation
0985,(cid:127) Memimpin tim 5 developer dalam menyelesaikan proyek senilai Rp 2 miliar
0986,Junior Cloud Engineer — Sayurbox
0987,(cid:127) Meningkatkan code coverage dari 30% menjadi 85% dengan automation testing
0988,(cid:127) Memimpin tim 5 developer dalam menyelesaikan proyek senilai Rp 2 miliar
0989,(cid:127) Berkontribusi pada open-source project dengan lebih dari 200 GitHub stars
0990,S1 Teknik Komputer — Universitas Gunadarma
0991,2014 – 2018 | IPK: 3.46
0992,(cid:127) Docker Certified Associate
0993,Fotografi dan videografi (cid:127) Bermain musik (gitar dan piano) (cid:127) Membaca buku teknologi dan pengembangan diri
0994,Fullstack Developer
0995,Bandung | +62 854-4950-2698 | xander.mahendra99@outlook.com | linkedin.com/in/xander-mahendra | github.com/xandermah
0996,RINGKASAN PROFIL
0997,Fullstack developer dengan kemampuan mengembangkan aplikasi web dari sisi frontend hingga backend
0998,Berpengalaman dalam membangun produk digital yang scalable menggunakan teknologi modern
0999,secara mandiri maupun dalam tim lintas fungsi
1000,React (cid:127) Git (cid:127) MongoDB (cid:127) Express.js (cid:127) AWS (cid:127) TypeScript (cid:127) GraphQL (cid:127) Next.js (cid:127) Tailwind (cid:127) Node.js
1001,PENGALAMAN KERJA
1002,Fullstack Developer — PT Tokopedia
1003,(cid:127) Merancang sistem monitoring real-time yang memantau lebih dari 50 microservices
1004,(cid:127) Mengimplementasikan solusi keamanan yang berhasil mencegah 3 potensi breach keamanan
1005,(cid:127) Meraih juara 2 Hackathon Nasional kategori AI Innovation
1006,Fullstack Developer — Kargo Technologies
1007,(cid:127) Mengimplementasikan solusi keamanan yang berhasil mencegah 3 potensi breach keamanan
1008,(cid:127) Mengurangi response time API sebesar 40% melalui optimasi query dan caching
1009,(cid:127) Mengembangkan dashboard analytics yang digunakan oleh lebih dari 200 pengguna internal
1010,S1 Ilmu Komputer — Universitas Amikom Yogyakarta
1011,2013 – 2017 | IPK: 3.13
1012,(cid:127) CompTIA Security+
1013,(cid:127) Oracle Certified Professional Java
1014,(cid:127) Certified Ethical Hacker (CEH)
1015,Membaca buku teknologi dan pengembangan diri (cid:127) Fotografi dan videografi (cid:127) Bermain musik (gitar dan piano)
1016,Fullstack Developer
1017,Medan | +62 865-7553-8204 | hendra.mahendra50@outlook.com | linkedin.com/in/hendra-mahendra | github.com/hendramah
1018,RINGKASAN PROFIL
1019,Fullstack developer dengan kemampuan mengembangkan aplikasi web dari sisi frontend hingga backend
1020,Berpengalaman dalam membangun produk digital yang scalable menggunakan teknologi modern
1021,secara mandiri maupun dalam tim lintas fungsi
1022,GraphQL (cid:127) Tailwind (cid:127) CI/CD (cid:127) Git (cid:127) MongoDB (cid:127) Docker (cid:127) Node.js (cid:127) REST API (cid:127) React (cid:127) PostgreSQL
1023,PENGALAMAN KERJA
1024,Fullstack Developer — Shopee Indonesia
1025,(cid:127) Mengimplementasikan solusi keamanan yang berhasil mencegah 3 potensi breach keamanan
1026,(cid:127) Berkontribusi pada open-source project dengan lebih dari 200 GitHub stars
1027,(cid:127) Membangun fitur checkout yang meningkatkan konversi sebesar 18%
1028,Fullstack Developer Intern — PT Pertamina
1029,(cid:127) Mengurangi bug production sebesar 50% melalui implementasi CI/CD yang ketat
1030,(cid:127) Berkontribusi pada open-source project dengan lebih dari 200 GitHub stars
1031,(cid:127) Merancang sistem monitoring real-time yang memantau lebih dari 50 microservices
1032,S1 Ilmu Komputer — Universitas Gunadarma
1033,2020 – 2024 | IPK: 3.37
1034,(cid:127) Google Cloud Professional Data Engineer
1035,(cid:127) HashiCorp Terraform Associate
1036,Fotografi dan videografi (cid:127) Hiking dan kegiatan alam terbuka (cid:127) Bermain musik (gitar dan piano)
1037,Backend Developer
1038,Jakarta | +62 819-7655-6952 | pandu.mahendra66@yahoo.com | linkedin.com/in/pandu-mahendra | github.com/pandumah
1039,RINGKASAN PROFIL
1040,Backend developer berpengalaman dalam membangun layanan RESTful API yang skalabel dan handal
1041,bekerja dalam lingkungan microservices dengan pendekatan cloud-native
1042,Memiliki pemahaman mendalam
1043,tentang optimasi database dan desain sistem terdistribusi
1044,Go (cid:127) CI/CD (cid:127) REST API (cid:127) Microservices (cid:127) Docker (cid:127) Python (cid:127) Spring Boot (cid:127) Java (cid:127) Git (cid:127) MySQL
1045,PENGALAMAN KERJA
1046,Backend Developer — Blibli.com
1047,(cid:127) Mengembangkan dashboard analytics yang digunakan oleh lebih dari 200 pengguna internal
1048,(cid:127) Memimpin migrasi sistem monolitik ke arsitektur microservices untuk 3 layanan utama
1049,(cid:127) Membangun fitur checkout yang meningkatkan konversi sebesar 18%
1050,Associate Backend Developer — Kudo (Grab)
1051,(cid:127) Meningkatkan code coverage dari 30% menjadi 85% dengan automation testing
1052,(cid:127) Merancang sistem monitoring real-time yang memantau lebih dari 50 microservices
1053,(cid:127) Mempercepat training model ML sebesar 60% dengan optimasi GPU pipeline
1054,Junior Backend Developer — PT Telkom Indonesia
1055,(cid:127) Mengurangi response time API sebesar 40% melalui optimasi query dan caching
1056,(cid:127) Mengurangi bug production sebesar 50% melalui implementasi CI/CD yang ketat
1057,(cid:127) Mengembangkan model rekomendasi yang meningkatkan CTR sebesar 25%
1058,S1 Teknik Elektro — Universitas Diponegoro
1059,2018 – 2021 | IPK: 3.61
1060,(cid:127) Docker Certified Associate
1061,(cid:127) Dicoding - Belajar Machine Learning untuk Pemula
1062,Game development sebagai side project (cid:127) Berkontribusi pada proyek open-source (cid:127) Bermain musik (gitar dan piano)
1063,Fullstack Developer
1064,Bekasi | +62 837-5678-9047 | zahra.hidayat26@gmail.com | linkedin.com/in/zahra-hidayat | github.com/zahrahid
1065,RINGKASAN PROFIL
1066,Fullstack developer dengan kemampuan mengembangkan aplikasi web dari sisi frontend hingga backend
1067,Berpengalaman dalam membangun produk digital yang scalable menggunakan teknologi modern
1068,secara mandiri maupun dalam tim lintas fungsi
1069,Express.js (cid:127) Node.js (cid:127) GraphQL (cid:127) TypeScript (cid:127) Next.js (cid:127) CI/CD (cid:127) Git (cid:127) MongoDB (cid:127) AWS (cid:127) React
1070,PENGALAMAN KERJA
1071,Fullstack Developer — PT Telkom Indonesia
1072,(cid:127) Memimpin migrasi sistem monolitik ke arsitektur microservices untuk 3 layanan utama
1073,(cid:127) Membangun pipeline CI/CD yang mengurangi deployment time dari 2 jam menjadi 15 menit
1074,(cid:127) Mengembangkan dashboard analytics yang digunakan oleh lebih dari 200 pengguna internal
1075,Fullstack Developer — PT Telkom Indonesia
1076,(cid:127) Mengurangi response time API sebesar 40% melalui optimasi query dan caching
1077,(cid:127) Merancang sistem monitoring real-time yang memantau lebih dari 50 microservices
1078,(cid:127) Meraih juara 2 Hackathon Nasional kategori AI Innovation
1079,S1 Rekayasa Perangkat Lunak — Universitas Telkom
1080,2016 – 2019 | IPK: 3.71
1081,(cid:127) HashiCorp Terraform Associate
1082,(cid:127) Scrum Master Certified (SMC)
1083,(cid:127) Docker Certified Associate
1084,Game development sebagai side project (cid:127) Mengikuti kompetisi competitive programming (cid:127) Berkontribusi pada proyek
1085,Depok | +62 871-9612-7730 | eko.nugroho99@protonmail.com | linkedin.com/in/eko-nugroho | github.com/ekonug
1086,RINGKASAN PROFIL
1087,UI/UX designer yang berdedikasi dalam menciptakan pengalaman digital yang bermakna dan berpusat pada
1088,Berpengalaman dalam design thinking dan user-centered design
1089,Mampu berkolaborasi dengan tim
1090,engineering untuk menghasilkan produk yang fungsional dan estetis
1091,Adobe XD (cid:127) Sketch (cid:127) Usability Testing (cid:127) Wireframing (cid:127) InVision (cid:127) HTML (cid:127) Agile (cid:127) A/B Testing (cid:127) Information Architecture (cid:127)
1092,PENGALAMAN KERJA
1093,UI/UX Designer — OVO
1094,(cid:127) Mengimplementasikan solusi keamanan yang berhasil mencegah 3 potensi breach keamanan
1095,(cid:127) Mengembangkan model rekomendasi yang meningkatkan CTR sebesar 25%
1096,(cid:127) Memimpin tim 5 developer dalam menyelesaikan proyek senilai Rp 2 miliar
1097,UI/UX Designer Intern — PT Kredivo
1098,(cid:127) Merancang sistem monitoring real-time yang memantau lebih dari 50 microservices
1099,(cid:127) Meraih juara 2 Hackathon Nasional kategori AI Innovation
1100,(cid:127) Mengimplementasikan solusi keamanan yang berhasil mencegah 3 potensi breach keamanan
1101,S1 Ilmu Komputer — Universitas Mercu Buana
1102,2014 – 2018 | IPK: 3.53
1103,(cid:127) PMP - Project Management Professional
1104,Menulis artikel teknis di Medium (cid:127) Game development sebagai side project (cid:127) Bermain musik (gitar dan piano)
1105,Semarang | +62 888-9740-2530 | indra.halim65@yahoo.com | linkedin.com/in/indra-halim | github.com/indrahal
1106,RINGKASAN PROFIL
1107,UI/UX designer yang berdedikasi dalam menciptakan pengalaman digital yang bermakna dan berpusat pada
1108,Berpengalaman dalam design thinking dan user-centered design
1109,Mampu berkolaborasi dengan tim
1110,engineering untuk menghasilkan produk yang fungsional dan estetis
1111,Agile (cid:127) Sketch (cid:127) Adobe Illustrator (cid:127) Wireframing (cid:127) InVision (cid:127) Information Architecture (cid:127) Usability Testing (cid:127) Figma (cid:127) Design
1112,System (cid:127) HTML
1113,PENGALAMAN KERJA
1114,UI/UX Designer — PT Gojek Indonesia
1115,(cid:127) Berkontribusi pada open-source project dengan lebih dari 200 GitHub stars
1116,(cid:127) Mempercepat training model ML sebesar 60% dengan optimasi GPU pipeline
1117,(cid:127) Meraih juara 2 Hackathon Nasional kategori AI Innovation
1118,Associate UI/UX Designer — SeaBank
1119,(cid:127) Berkontribusi pada open-source project dengan lebih dari 200 GitHub stars
1120,(cid:127) Membangun pipeline CI/CD yang mengurangi deployment time dari 2 jam menjadi 15 menit
1121,(cid:127) Mengembangkan dashboard analytics yang digunakan oleh lebih dari 200 pengguna internal
1122,Associate UI/UX Designer — Astra International
1123,(cid:127) Berkontribusi pada open-source project dengan lebih dari 200 GitHub stars
1124,(cid:127) Memimpin migrasi sistem monolitik ke arsitektur microservices untuk 3 layanan utama
1125,(cid:127) Mengurangi bug production sebesar 50% melalui implementasi CI/CD yang ketat
1126,S1 Teknik Informatika — Institut Teknologi Bandung
1127,2016 – 2019 | IPK: 3.75
1128,(cid:127) Certified Ethical Hacker (CEH)
1129,Mengikuti meetup dan komunitas teknologi lokal (cid:127) Hiking dan kegiatan alam terbuka (cid:127) Mengajar coding kepada
1130,anak-anak sekolah
1131,Medan | +62 887-3353-6121 | erwin.susanto92@outlook.com | linkedin.com/in/erwin-susanto | github.com/erwinsus
1132,RINGKASAN PROFIL
1133,QA engineer yang berpengalaman dalam memastikan kualitas perangkat lunak melalui pendekatan pengujian
1134,yang komprehensif
1135,Terbiasa membangun framework automation testing yang efisien
1136,Memiliki pemahaman
1137,mendalam tentang proses SDLC dan metodologi Agile
1138,Performance Testing (cid:127) Java (cid:127) Python (cid:127) Postman (cid:127) CI/CD (cid:127) Scrum (cid:127) JIRA (cid:127) Cypress (cid:127) Manual Testing (cid:127) Agile
1139,PENGALAMAN KERJA
1140,QA Engineer — Astra International
1141,(cid:127) Memimpin tim 5 developer dalam menyelesaikan proyek senilai Rp 2 miliar
1142,(cid:127) Membangun fitur checkout yang meningkatkan konversi sebesar 18%
1143,(cid:127) Meningkatkan code coverage dari 30% menjadi 85% dengan automation testing
1144,QA Engineer Intern — Waresix
1145,(cid:127) Memimpin tim 5 developer dalam menyelesaikan proyek senilai Rp 2 miliar
1146,(cid:127) Merancang sistem monitoring real-time yang memantau lebih dari 50 microservices
1147,(cid:127) Membangun fitur checkout yang meningkatkan konversi sebesar 18%
1148,S1 Sistem Informasi — Binus University
1149,2016 – 2020 | IPK: 3.31
1150,(cid:127) Meta Frontend Developer Certificate
1151,(cid:127) Certified Kubernetes Administrator (CKA)
1152,(cid:127) Docker Certified Associate
1153,Mengikuti kompetisi competitive programming (cid:127) Mengikuti meetup dan komunitas teknologi lokal (cid:127) Game development
1154,sebagai side project
1155,Semarang | +62 873-1379-2475 | gilang.cahyono51@protonmail.com | linkedin.com/in/gilang-cahyono | github.com/gilangcah
1156,RINGKASAN PROFIL
1157,Data scientist dengan keahlian dalam mengolah data berskala besar dan membangun model prediktif
1158,Berpengalaman dalam seluruh siklus data science mulai dari eksplorasi data hingga deployment model
1159,mengkomunikasikan insight data kepada stakeholder non-teknis
1160,Deep Learning (cid:127) SQL (cid:127) PyTorch (cid:127) Python (cid:127) Power BI (cid:127) TensorFlow (cid:127) NumPy (cid:127) Scikit-learn (cid:127) Machine Learning (cid:127) NLP
1161,PENGALAMAN KERJA
1162,Data Scientist — PT Tokopedia
1163,(cid:127) Meningkatkan code coverage dari 30% menjadi 85% dengan automation testing
1164,(cid:127) Mengurangi response time API sebesar 40% melalui optimasi query dan caching
1165,(cid:127) Membangun fitur checkout yang meningkatkan konversi sebesar 18%
1166,Associate Data Scientist — PT Bank Central Asia
1167,(cid:127) Meraih juara 2 Hackathon Nasional kategori AI Innovation
1168,(cid:127) Mengimplementasikan solusi keamanan yang berhasil mencegah 3 potensi breach keamanan
1169,(cid:127) Memimpin migrasi sistem monolitik ke arsitektur microservices untuk 3 layanan utama
1170,Data Scientist — Kudo (Grab)
1171,(cid:127) Mengembangkan dashboard analytics yang digunakan oleh lebih dari 200 pengguna internal
1172,(cid:127) Meraih juara 2 Hackathon Nasional kategori AI Innovation
1173,(cid:127) Mengimplementasikan solusi keamanan yang berhasil mencegah 3 potensi breach keamanan
1174,S1 Sistem Informasi — Universitas Indonesia
1175,2018 – 2021 | IPK: 3.85
1176,(cid:127) Certified Kubernetes Administrator (CKA)
1177,(cid:127) Microsoft Certified Azure Developer
1178,(cid:127) Google Cloud Professional Data Engineer
1179,Hiking dan kegiatan alam terbuka (cid:127) Fotografi dan videografi (cid:127) Game development sebagai side project
